Player Name,Club,Position,Appearances,Squawka Score,Cleansheets,Goals Conceded,POTM,Saves Per Game,Saves Per Goal,Average Claim Success,Average Punch Accuracy,Distribution Success,Average Distribution Length,Yellow Cards,Red Cards,Points,PointsMod
Cristiano Ronaldo,Real Madrid,Forward,16,1338,26,74,0,39,81,14,50,1,0,3,0,230.76,244
Alexandre Lacazette,Lyon,Forward,20,915,19,70,0,36,80,13,45,0,0,1,0,222,235
Alexis Sánchez,Arsenal,Forward,20,749,12,67,0,56,77,16,47,1,1,3,0,209.15,227
Lionel Messi,Barcelona,Forward,18,1392,16,63,0,45,84,14,55,0,1,3,0,204.37,219
Eden Hazard,Chelsea,Midfielder,21,985,8,53,0,53,88,15,63,1,0,1,0,216.275,219
Dimitri Payet,Marseille,Midfielder,19,584,5,52,0,69,80,21,52,1,0,1,0,196.7,200
Christian Eriksen,Tottenham Hotspur,Midfielder,21,611,7,48,0,45,84,17,50,1,0,3,0,192.35,195
Diego Costa,Chelsea,Forward,18,532,15,72,0,30,79,12,38,1,0,7,0,183.395,194
Stewart Downing,West Ham United,Midfielder,20,681,4,48,0,56,86,20,46,2,1,1,0,187,193
Santiago Cazorla,Arsenal,Midfielder,20,776,4,54,0,47,88,16,59,2,0,4,0,182.5,189
Cesc Fàbregas,Chelsea,Midfielder,20,630,2,59,0,63,87,19,46,2,0,7,0,178.5,185
Steven Gerrard,Liverpool,Midfielder,20,487,5,48,0,41,86,21,45,3,1,5,0,175.5,185
John Terry,Chelsea,Defender,21,679,3,80,0,5,92,19,71,7,2,0,0,203.2,181
Raheem Sterling,Liverpool,Midfielder,20,541,4,54,0,49,80,14,55,1,0,3,0,176.5,180
Carlos Tévez,Juventus,Forward,17,747,11,53,0,35,84,15,47,0,0,2,0,165.655,178
Davy Klaassen,Ajax,Midfielder,18,546,5,41,0,33,82,14,51,4,0,2,0,163.85,176
Jordan Henderson,Liverpool,Midfielder,20,446,2,31,0,38,82,18,49,4,0,3,0,162.5,175
Lucas Moura,Paris Saint Germain,Midfielder,19,718,7,48,0,26,87,15,60,1,0,1,0,170.825,174
Branislav Ivanovic,Chelsea,Defender,21,453,2,29,0,23,81,19,58,6,1,4,1,198.5,172
José Callejón,Napoli,Forward,18,488,9,47,0,33,83,16,42,2,0,1,0,158.765,171
André-Pierre Gignac,Marseille,Forward,20,353,12,57,0,12,77,16,32,2,0,1,0,162.15,169
Dusan Tadic,Southampton,Midfielder,19,447,3,56,0,55,79,17,37,1,0,2,0,164.1,167
Arjen Robben,FC Bayern München,Midfielder,13,917,10,58,0,38,83,17,56,1,0,0,0,162.175,165
Naldo,VfL Wolfsburg,Defender,17,765,5,46,0,7,83,23,60,10,1,3,0,191.3,165
Kevin De Bruyne,VfL Wolfsburg,Midfielder,17,434,3,56,0,59,75,21,47,1,0,2,0,160.85,164
Yaya Touré,Manchester City,Midfielder,18,815,7,41,0,20,90,17,50,2,0,4,0,156,162
Winston Reid,West Ham United,Defender,20,319,1,25,0,5,80,22,59,13,0,8,0,190.4,162
Sergio Agüero,Manchester City,Forward,16,710,14,59,0,15,83,11,55,0,0,2,0,154.48,162
Robin van Persie,Manchester United,Forward,20,357,8,56,0,19,85,15,39,1,0,5,0,152.25,161
Gonzalo Higuaín,Napoli,Forward,18,363,9,57,0,23,79,15,35,1,0,1,0,151.645,161
Diego Godín,Atlético de Madrid,Defender,18,487,3,31,0,3,77,22,69,9,1,4,0,183.1,161
Max Kruse,Borussia Mönchengladbach,Forward,15,467,7,71,0,37,79,18,45,1,0,0,0,148.2875,161
Aaron Cresswell,West Ham United,Defender,21,122,1,60,0,22,75,22,54,6,2,3,0,189.1,160
Christophe Jallet,Lyon,Defender,20,495,0,27,0,24,83,18,54,7,0,3,0,186.0,160
Eric Choupo-Moting,FC Schalke 04,Midfielder,17,370,9,63,0,18,69,14,51,2,1,0,0,154,160
James Rodríguez,Real Madrid,Midfielder,16,601,6,63,0,39,87,17,50,1,1,3,0,155.8,159
Mateo Kovacic,Internazionale,Midfielder,18,503,4,30,0,37,86,16,58,1,0,2,1,155.8,159
Mateo Kovacic,Internazionale,Midfielder,18,503,4,30,0,37,86,16,58,1,0,2,1,155.8,159
Mateo Kovacic,Internazionale,Midfielder,18,503,4,30,0,37,86,16,58,1,0,2,1,155.8,159
João Moutinho,Monaco,Midfielder,19,332,2,50,0,35,81,19,49,3,1,4,0,149.75,159
Nacer Chadli,Tottenham Hotspur,Midfielder,18,390,7,58,0,25,83,13,46,1,0,2,0,155.05,158
Ryan Bertrand,Southampton,Defender,20,377,2,50,0,17,79,19,56,4,0,2,0,174.4,158
Florian Thauvin,Marseille,Midfielder,20,100,4,36,0,32,76,19,46,1,0,2,0,154,157
Jérémy Menez,Milan,Forward,18,437,9,50,0,21,82,16,50,1,0,1,0,147.71,157
Jérémy Menez,Milan,Forward,18,437,9,50,0,21,82,16,50,1,0,1,0,147.71,157
Jérémy Menez,Milan,Forward,18,437,9,50,0,21,82,16,50,1,0,1,0,147.71,157
Lasse Schöne,Ajax,Midfielder,16,607,6,52,0,34,86,17,49,1,1,0,0,153,156
Nemanja Matic,Chelsea,Midfielder,20,326,1,42,0,14,87,18,49,6,1,7,0,138,156
Karim Bellarabi,Bayer 04 Leverkusen,Midfielder,17,344,8,57,0,32,63,15,45,1,0,2,0,152.9,156
Mauro Icardi,Internazionale,Forward,19,420,10,48,0,15,74,13,47,1,1,1,0,146.435,154
Mauro Icardi,Internazionale,Forward,19,420,10,48,0,15,74,13,47,1,1,1,0,146.435,154
Mauro Icardi,Internazionale,Forward,19,420,10,48,0,15,74,13,47,1,1,1,0,146.435,154
Jesús Navas,Manchester City,Midfielder,20,290,0,36,0,46,84,15,42,1,0,2,0,150,153
Juan Mata,Manchester United,Midfielder,18,397,5,44,0,27,90,17,40,1,0,0,0,149.5,153
Alex Oxlade-Chamberl..,Arsenal,Midfielder,20,363,1,38,0,31,82,17,55,2,1,4,0,146.5,153
Adam Maher,PSV,Midfielder,14,485,6,54,0,36,84,20,50,2,0,1,0,145.9,152
David Silva,Manchester City,Midfielder,15,401,6,58,0,39,86,14,46,1,2,3,0,148.5,152
Giannelli  Imbula,Marseille,Midfielder,20,576,2,35,0,18,90,19,61,2,0,1,1,145.5,152
Graziano Pellè,Southampton,Forward,21,147,8,33,0,24,65,13,44,1,0,4,0,142.0375,151
Fabien Lemoine,St Etienne,Midfielder,20,161,2,25,0,23,85,19,39,3,0,3,0,141,150
Carlos Bacca,Sevilla,Forward,17,327,10,74,0,13,66,13,42,1,0,3,0,140.695,147
Mario Götze,FC Bayern München,Midfielder,16,340,7,59,0,25,87,14,37,1,0,1,0,143.6,147
Yannick Ferreira-Car..,Monaco,Midfielder,19,329,4,59,0,25,76,16,47,1,0,1,0,143.425,146
Wayne Rooney,Manchester United,Forward,17,539,8,50,0,23,85,19,42,3,1,3,1,136.7625,146
Steven Davis,Southampton,Midfielder,20,148,0,27,0,25,87,18,41,3,1,1,0,137,146
Juan Guillermo Cuadr..,Fiorentina,Midfielder,15,678,4,54,0,33,87,16,59,2,0,4,0,139.75,146
Corentin Tolisso,Lyon,Midfielder,20,281,3,31,0,14,85,17,44,2,1,0,0,139.5,146
Adem Ljajic,Roma,Forward,16,434,6,63,0,22,90,13,51,1,0,0,0,135.6,145
Nabil Fekir,Lyon,Midfielder,16,503,8,65,0,22,85,16,49,0,0,3,0,144.6,145
Toni Kroos,Real Madrid,Midfielder,17,569,1,33,0,39,93,18,51,1,0,1,0,141.2,144
Nicolas N'Koulou,Marseille,Defender,17,715,2,30,0,1,91,22,58,11,0,2,0,166.5,144
Oscar,Chelsea,Midfielder,17,401,4,43,0,29,84,16,40,2,0,4,0,137.7,144
Roman Neustädter,FC Schalke 04,Midfielder,17,261,2,43,0,5,85,19,46,7,1,3,0,122.675,144
Martin Skrtel,Liverpool,Defender,18,578,1,22,0,3,92,19,63,13,4,5,0,182.9,143
Erik Lamela,Tottenham Hotspur,Midfielder,19,209,1,55,0,30,82,14,46,2,0,3,0,136.8,143
Per Mertesacker,Arsenal,Defender,20,468,0,13,0,2,89,18,63,8,2,2,0,165.5,143
Hakan Calhanoglu,Bayer 04 Leverkusen,Midfielder,17,190,4,39,0,37,71,18,40,1,0,2,0,139.175,142
Miralem Pjanic,Roma,Midfielder,17,442,3,53,0,33,91,16,36,2,1,6,0,135.975,142
Maxime Gonalons,Lyon,Midfielder,19,440,0,25,0,8,90,21,55,5,0,3,0,126.875,142
Antoine Griezmann,Atlético de Madrid,Forward,18,264,8,56,0,12,81,13,38,0,1,3,0,135.005,142
Marek Hamsik,Napoli,Midfielder,16,359,3,59,0,37,82,16,46,1,0,0,0,138.2,141
Neymar,Barcelona,Forward,15,575,12,57,0,13,76,11,56,0,0,3,0,135.025,141
James Tomkins,West Ham United,Defender,15,390,1,27,0,8,77,23,67,12,1,5,0,172.0,141
Thomas Müller,FC Bayern München,Midfielder,16,344,7,62,0,23,67,15,45,1,0,0,0,137.8,141
Franck Tabanou,St Etienne,Defender,18,319,0,33,0,15,77,19,52,8,0,2,0,162.7,139
Marco Parolo,Lazio,Midfielder,17,279,3,58,0,19,79,17,41,4,0,4,0,127,139
Victor Wanyama,Southampton,Midfielder,19,306,3,50,0,8,85,17,49,3,0,4,0,129.65,139
Keisuke Honda,Milan,Forward,16,428,6,72,0,18,80,17,48,2,0,1,0,130.6,138
Keisuke Honda,Milan,Forward,16,428,6,72,0,18,80,17,48,2,0,1,0,130.6,138
Keisuke Honda,Milan,Forward,16,428,6,72,0,18,80,17,48,2,0,1,0,130.6,138
Pierre-Emerick Aubam..,Borussia Dortmund,Midfielder,17,223,5,59,0,33,68,15,29,1,0,1,0,135.225,138
Harry Kane,Tottenham Hotspur,Forward,17,324,8,58,0,13,76,14,43,1,0,1,0,131.72,138
Willian,Chelsea,Midfielder,20,269,1,48,0,20,85,18,53,1,0,2,0,135,138
Gary Cahill,Chelsea,Defender,20,418,1,45,0,2,87,20,60,8,4,3,0,166.5,138
Max Gradel,St Etienne,Forward,18,250,4,47,0,26,75,17,52,1,0,2,0,127.525,137
Fernandinho,Manchester City,Midfielder,18,303,2,38,0,16,90,14,45,3,0,4,0,127.75,137
Nathaniel Clyne,Southampton,Defender,19,376,2,50,0,11,78,18,48,5,0,3,0,152.1,137
Filip Djordjevic,Lazio,Forward,18,129,7,59,0,13,68,12,33,1,0,1,0,130.09,136
Claudio Marchisio,Juventus,Midfielder,18,501,1,19,0,18,87,19,50,3,0,3,0,126.65,136
Georginio Wijnaldum,PSV,Midfielder,14,477,5,50,0,17,86,16,67,2,0,0,0,129.55,136
Ricky van Wolfswinke..,St Etienne,Forward,18,177,5,72,0,10,77,13,32,1,0,0,0,129.585,136
Jose Fonte,Southampton,Defender,20,597,0,60,0,4,86,22,52,9,1,3,0,158.3,135
Karim Benzema,Real Madrid,Forward,15,476,8,46,0,21,81,13,47,1,0,1,0,126.5875,135
Gary Medel,Internazionale,Midfielder,18,470,0,20,0,12,91,17,53,5,0,5,1,119.8,135
Gary Medel,Internazionale,Midfielder,18,470,0,20,0,12,91,17,53,5,0,5,1,119.8,135
Gary Medel,Internazionale,Midfielder,18,470,0,20,0,12,91,17,53,5,0,5,1,119.8,135
Jacques-Alaixys Roma..,Marseille,Midfielder,16,328,1,17,0,7,88,20,51,7,2,4,1,113.6,135
Klaas-Jan Huntelaar,FC Schalke 04,Forward,16,275,7,70,0,16,76,12,39,1,0,4,0,127.36,134
Joël Veltman,Ajax,Defender,15,611,3,60,0,5,89,22,54,11,2,1,0,164.8,134
Ricardo Rodriguez,VfL Wolfsburg,Defender,12,446,3,62,0,23,82,22,60,6,1,0,0,160.3,134
Koke,Atlético de Madrid,Midfielder,17,93,1,21,0,35,79,17,45,2,0,5,0,127.7,134
Andrea Ranocchia,Internazionale,Defender,17,520,2,30,0,1,84,20,61,7,0,4,0,147.9,133
Andrea Ranocchia,Internazionale,Defender,17,520,2,30,0,1,84,20,61,7,0,4,0,147.9,133
Andrea Ranocchia,Internazionale,Defender,17,520,2,30,0,1,84,20,61,7,0,4,0,147.9,133
Gaël Clichy,Manchester City,Defender,16,433,1,33,0,15,81,17,53,8,1,1,0,159.8,133
James Milner,Manchester City,Midfielder,18,263,0,35,0,35,83,15,44,1,0,1,0,130.15,133
Benjamin Mendy,Marseille,Defender,19,118,0,13,0,25,77,21,51,6,5,4,0,172.4,133
Rodrigo Palacio,Internazionale,Forward,17,200,2,55,0,26,84,14,44,1,1,1,0,122.505,133
Rodrigo Palacio,Internazionale,Forward,17,200,2,55,0,26,84,14,44,1,1,1,0,122.505,133
Rodrigo Palacio,Internazionale,Forward,17,200,2,55,0,26,84,14,44,1,1,1,0,122.505,133
Arturo Vidal,Juventus,Midfielder,15,309,6,52,0,19,83,16,41,2,0,5,0,126.5,133
Giacomo Bonaventura,Milan,Midfielder,16,370,3,33,0,20,81,15,60,2,0,3,0,126.4,132
Giacomo Bonaventura,Milan,Midfielder,16,370,3,33,0,20,81,15,60,2,0,3,0,126.4,132
Giacomo Bonaventura,Milan,Midfielder,16,370,3,33,0,20,81,15,60,2,0,3,0,126.4,132
Giacomo Bonaventura,Milan,Midfielder,16,370,3,33,0,20,81,15,60,2,0,3,0,126.4,132
Brice Dja Djédjé,Marseille,Defender,19,378,0,43,0,21,87,20,45,5,1,1,0,155.8,132
Stephan Lichtsteiner,Juventus,Defender,17,249,2,50,0,16,79,16,54,4,0,4,1,148.2,132
Javier Pastore,Paris Saint Germain,Midfielder,18,386,1,53,0,23,83,17,55,1,0,0,0,129.1,132
Stéphane Ruffier,St Etienne,Goalkeeper,20,349,12,0.65,0,2.2,4,100,30,65,39,0,0,96,132
Paul Pogba,Juventus,Midfielder,15,339,4,44,0,22,81,16,55,2,0,3,0,126,132
Thulani Serero,Ajax,Midfielder,17,364,1,33,0,9,89,15,54,4,0,1,0,119.775,132
Danny Welbeck,Arsenal,Forward,16,405,4,50,0,26,83,11,49,2,0,2,0,121.88,132
Borja Valero,Fiorentina,Midfielder,15,285,2,35,0,35,84,17,48,2,1,5,0,125.5,132
Radja Nainggolan,Roma,Midfielder,17,421,3,36,0,16,87,19,49,2,0,4,0,124.8,131
Ricardo van Rhijn,Ajax,Defender,16,388,2,29,0,21,86,19,43,6,1,1,0,155.6,130
Edinson Cavani,Paris Saint Germain,Forward,18,416,7,51,0,9,79,14,47,1,0,1,1,123.945,130
Christoph Kramer,Borussia Mönchengladbach,Midfielder,15,218,2,67,0,13,86,17,48,5,0,4,0,114.25,129
Jan Vertonghen,Tottenham Hotspur,Defender,17,367,0,43,0,2,87,20,58,10,0,3,0,150.2,129
Ivan Rakitic,Barcelona,Midfielder,16,432,3,40,0,18,90,16,40,2,0,0,0,123,129
Robin Knoche,VfL Wolfsburg,Defender,15,451,2,40,0,3,84,23,62,9,2,0,0,154.3,129
Marcos Alonso,Fiorentina,Defender,17,271,0,12,0,17,80,18,54,5,0,3,0,147.0,128
Samir Nasri,Manchester City,Midfielder,16,451,0,54,0,43,90,13,51,0,0,3,0,128.4,128
Senad Lulic,Lazio,Midfielder,16,143,3,53,0,23,78,18,37,3,1,6,0,119,128
Philippe Coutinho,Liverpool,Midfielder,18,354,2,50,0,19,81,16,49,1,1,2,0,124.5,128
Nigel de Jong,Milan,Midfielder,14,452,2,43,0,4,89,22,58,7,0,8,0,106.45,127
Nigel de Jong,Milan,Midfielder,14,452,2,43,0,4,89,22,58,7,0,8,0,106.45,127
Nigel de Jong,Milan,Midfielder,14,452,2,43,0,4,89,22,58,7,0,8,0,106.45,127
Nigel de Jong,Milan,Midfielder,14,452,2,43,0,4,89,22,58,7,0,8,0,106.45,127
Son Heung-Min,Bayer 04 Leverkusen,Forward,16,205,5,45,0,24,76,13,45,1,1,3,0,118.36,127
Juan Bernat,FC Bayern München,Defender,17,599,0,46,0,12,89,16,61,3,0,0,0,139.1,127
Tony Jantschke,Borussia Mönchengladbach,Defender,16,452,1,50,0,5,86,19,57,9,1,2,0,150.6,127
Samuel Umtiti,Lyon,Defender,18,528,1,33,0,4,86,22,50,8,1,1,0,148.0,127
Gareth Bale,Real Madrid,Forward,14,452,8,54,0,17,79,15,55,1,1,1,0,119.785,127
Stefan Savic,Fiorentina,Defender,17,483,2,50,0,5,88,20,48,9,0,4,1,147.2,127
Felipe Anderson,Lazio,Midfielder,16,424,5,59,0,15,78,16,51,1,0,3,0,123.6,127
Stefan Kießling,Bayer 04 Leverkusen,Forward,17,170,3,43,0,28,69,12,47,2,0,2,0,116.6675,127
Mathieu Flamini,Arsenal,Midfielder,16,392,0,0,0,5,92,16,48,6,2,3,0,108,126
Anwar El Ghazi,Ajax,Forward,16,329,6,55,0,16,69,17,48,1,0,0,0,118.84,126
Andrea Raggi,Monaco,Defender,17,232,0,0,0,3,79,23,66,7,1,5,0,144.1,126
Xabi Alonso,FC Bayern München,Midfielder,15,600,1,60,0,23,90,20,50,3,0,3,0,116.5,126
Aaron Ramsey,Arsenal,Midfielder,14,302,3,31,0,28,85,17,42,2,2,2,0,119.45,125
Jérémy Toulalan,Monaco,Midfielder,16,381,0,25,0,7,80,20,56,6,2,4,0,107.4,125
Luciano Narsingh,PSV,Forward,14,318,3,55,0,31,80,13,61,0,0,1,0,114.45,125
Raffael,Borussia Mönchengladbach,Forward,15,362,3,57,0,24,83,15,48,0,0,0,0,115.3875,125
Niklas Moisander,Ajax,Defender,17,410,0,40,0,5,88,21,54,8,0,1,0,143.0,124
Andrea Poli,Milan,Midfielder,18,142,1,18,0,12,86,15,50,2,0,2,0,118.2,124
Andrea Poli,Milan,Midfielder,18,142,1,18,0,12,86,15,50,2,0,2,0,118.2,124
Andrea Poli,Milan,Midfielder,18,142,1,18,0,12,86,15,50,2,0,2,0,118.2,124
Andrea Poli,Milan,Midfielder,18,142,1,18,0,12,86,15,50,2,0,2,0,118.2,124
Morgan Schneiderlin,Southampton,Midfielder,16,307,3,42,0,10,89,18,39,4,0,5,1,112.2,124
Luuk de Jong,PSV,Forward,13,416,6,59,0,25,73,12,57,2,0,0,0,115.5275,124
Toby Alderweireld,Southampton,Defender,16,364,1,33,0,5,81,24,54,8,0,2,0,142.4,124
Clinton N'Jie,Lyon,Forward,18,144,1,71,0,14,76,14,40,0,0,0,0,116.73,124
Lars Bender,Bayer 04 Leverkusen,Midfielder,14,256,1,33,0,15,69,16,55,6,0,4,0,105.4,123
Robert Lewandowski,FC Bayern München,Forward,15,362,7,54,0,14,72,13,45,1,0,0,0,116.55,123
Hernanes,Internazionale,Midfielder,14,379,2,35,0,28,84,15,49,2,0,2,0,116.55,123
Hernanes,Internazionale,Midfielder,14,379,2,35,0,28,84,15,49,2,0,2,0,116.55,123
Hernanes,Internazionale,Midfielder,14,379,2,35,0,28,84,15,49,2,0,2,0,116.55,123
Fernando Llorente,Juventus,Forward,17,126,4,57,0,14,72,11,42,1,0,0,0,115.765,122
Emir Spahic,Bayer 04 Leverkusen,Defender,16,272,1,33,0,1,73,22,60,10,1,5,1,145.8,122
Jordi Alba,Barcelona,Defender,15,518,1,64,0,17,88,15,52,5,0,2,0,140.8,122
Vieirinha,VfL Wolfsburg,Midfielder,16,206,1,50,0,20,70,19,48,3,0,0,0,113.2,122
Antonio Candreva,Lazio,Midfielder,15,427,2,53,0,25,81,17,58,1,0,1,0,119.125,122
Fraser Forster,Southampton,Goalkeeper,21,287,10,0.71,0,2,2.8,98,29,62,44,0,0,92,122
Stefan de Vrij,Lazio,Defender,17,460,0,44,0,5,85,23,48,11,0,3,1,146.2,122
Gonzalo Rodríguez,Fiorentina,Defender,16,415,2,56,0,4,83,24,54,9,1,6,1,144.6,122
Tiago,Atlético de Madrid,Midfielder,13,383,3,73,0,9,82,17,49,5,0,1,0,106.575,122
Fabinho,Monaco,Defender,18,320,0,25,0,8,80,19,52,5,0,2,0,135.4,121
Ralf Fährmann,FC Schalke 04,Goalkeeper,17,292,5,1.24,0,3.35,2.85,100,35,60,40,0,0,106,121
Florentin Pogba,St Etienne,Defender,13,387,1,40,0,1,81,23,63,11,0,0,0,143.4,121
Dodô,Internazionale,Defender,16,195,0,50,0,16,80,15,56,4,0,3,0,136.7,121
Dodô,Internazionale,Defender,16,195,0,50,0,16,80,15,56,4,0,3,0,136.7,121
Dodô,Internazionale,Defender,16,195,0,50,0,16,80,15,56,4,0,3,0,136.7,121
Lukasz Piszczek,Borussia Dortmund,Defender,16,69,0,57,0,10,73,20,62,4,0,2,0,133.6,121
Leonardo Bonucci,Juventus,Defender,17,553,1,50,0,6,87,21,53,7,1,5,0,140.6,121
Moustapha Bayal Sall,St Etienne,Defender,16,393,1,20,0,4,82,23,53,9,0,6,0,140.5,121
César Azpilicueta,Chelsea,Defender,17,315,0,100,0,9,85,18,53,6,0,0,1,136.8,120
Yann Sommer,Borussia Mönchengladbach,Goalkeeper,17,562,5,0.94,0,3.35,3.8,100,35,79,34,1,0,105,120
Dries Mertens,Napoli,Midfielder,16,307,1,41,0,26,81,16,49,1,0,1,0,117,120
Marco Verratti,Paris Saint Germain,Midfielder,17,491,0,25,0,18,92,17,53,2,0,6,0,113.625,120
Martín Demichelis,Manchester City,Defender,18,310,1,50,0,3,88,18,44,8,0,3,0,137.1,120
Raúl Albiol,Napoli,Defender,16,280,0,25,0,7,84,22,56,9,1,5,0,144.0,119
Blaise Matuidi,Paris Saint Germain,Midfielder,18,219,0,40,0,10,92,15,49,2,0,2,0,113.45,119
Pedro,Barcelona,Forward,17,184,3,56,0,12,86,13,37,0,0,2,0,112.695,119
Ángel Di María,Manchester United,Midfielder,13,361,3,48,0,32,80,20,44,1,0,0,0,116.3,119
Granit Xhaka,Borussia Mönchengladbach,Midfielder,14,407,1,50,0,9,85,21,50,6,0,3,1,101.25,119
Sergio Busquets,Barcelona,Midfielder,17,416,1,33,0,10,92,16,52,2,1,3,0,113.2,119
Arda Turan,Atlético de Madrid,Midfielder,16,72,2,57,0,21,85,13,50,1,0,4,0,116,119
Nico Pareja,Sevilla,Defender,16,317,1,60,0,3,77,24,57,8,1,5,0,139.1,119
Stefano Mauri,Lazio,Midfielder,13,274,7,53,0,10,80,17,53,1,0,2,0,115.225,118
Morgan De Sanctis,Roma,Goalkeeper,16,530,10,0.63,0,2.31,3.7,94,31,70,35,0,0,88.2,118
Calum Chambers,Arsenal,Defender,18,169,1,40,0,8,84,17,51,6,1,7,1,137.2,118
Danny Rose,Tottenham Hotspur,Defender,15,136,1,40,0,12,80,18,52,6,0,3,0,136.0,118
Jeffrey Bruma,PSV,Defender,14,428,1,27,0,4,90,22,61,9,0,2,1,137.9,118
Isco,Real Madrid,Midfielder,16,325,2,64,0,21,89,15,48,1,0,3,1,114.8,118
Matías Fernández,Fiorentina,Midfielder,14,384,2,50,0,24,88,16,56,1,1,1,0,114.4,117
Shane Long,Southampton,Forward,19,117,2,53,0,10,71,17,45,2,0,0,0,111.5275,117
Lucas Andersen,Ajax,Midfielder,15,187,1,56,0,26,84,13,53,1,0,1,0,114.375,117
Patrick Herrmann,Borussia Mönchengladbach,Midfielder,15,222,3,54,0,13,75,17,54,2,1,1,0,111.375,117
Francesco Totti,Roma,Forward,13,398,4,44,0,32,77,18,45,1,0,4,0,106.8225,117
Alessandro Florenzi,Roma,Midfielder,17,233,2,53,0,15,78,17,38,2,0,3,0,111.3,117
Antonio Valencia,Manchester United,Midfielder,16,406,0,50,0,12,89,16,54,3,1,2,0,108.2,117
Manuel Neuer,FC Bayern München,Goalkeeper,17,726,13,0.24,0,1.59,6.75,88,6,89,29,1,0,77.8,117
André Hahn,Borussia Mönchengladbach,Midfielder,16,27,3,40,0,11,64,17,42,3,0,2,0,107.4,116
Christian Fuchs,FC Schalke 04,Defender,15,67,1,40,0,17,72,22,48,4,0,1,0,132.8,116
Mark Noble,West Ham United,Midfielder,13,238,1,60,0,17,86,19,53,4,0,1,0,104.175,116
Adil Rami,Milan,Defender,14,281,1,75,0,4,82,23,60,8,0,3,0,134.0,116
Adil Rami,Milan,Defender,14,281,1,75,0,4,82,23,60,8,0,3,0,134.0,116
Adil Rami,Milan,Defender,14,281,1,75,0,4,82,23,60,8,0,3,0,134.0,116
Adil Rami,Milan,Defender,14,281,1,75,0,4,82,23,60,8,0,3,0,134.0,116
Zlatan Ibrahimovic,Paris Saint Germain,Forward,12,498,8,75,0,11,78,14,52,1,0,0,0,110.56,116
Hugo Lloris,Tottenham Hotspur,Goalkeeper,21,194,5,1.38,0,2.67,2,95,62,65,41,0,0,100.4,115
Pepe,Real Madrid,Defender,14,382,1,20,0,5,85,20,58,7,0,0,0,131.9,115
David Pizarro,Fiorentina,Midfielder,15,286,0,0,0,19,87,23,50,3,2,3,0,106.375,115
Valère Germain,Monaco,Forward,20,68,2,42,0,8,72,15,41,1,0,0,0,109.4,115
Sergio Ramos,Real Madrid,Defender,14,470,2,47,0,3,89,21,57,9,1,6,0,137.5,115
Sadio Mané,Southampton,Midfielder,14,229,4,47,0,18,83,14,48,1,0,3,0,111.85,115
Xavi,Barcelona,Midfielder,14,472,1,50,0,24,93,16,58,1,0,1,0,111.85,115
Jetro Willems,PSV,Defender,12,307,1,33,0,30,81,22,45,5,0,4,0,139.5,115
Sven van Beek,Feyenoord,Defender,14,517,1,50,0,4,90,23,58,10,2,3,0,142.1,114
Jens Toornstra,Feyenoord,Midfielder,11,358,4,44,0,29,81,20,54,1,0,0,0,111.125,114
Giorgio Chiellini,Juventus,Defender,15,423,0,0,0,8,88,19,51,9,0,4,0,136.0,114
Adam Lallana,Liverpool,Midfielder,14,232,4,64,0,16,82,15,49,1,0,2,0,110.85,114
Grzegorz Krychowiak,Sevilla,Midfielder,16,366,0,36,0,4,80,19,52,5,0,5,0,98.8,114
Frank Lampard,Manchester City,Midfielder,16,223,5,73,0,2,84,15,40,1,0,1,0,110.6,114
Fredy Guarín,Internazionale,Midfielder,13,309,2,39,0,26,75,18,53,2,1,2,0,107.6,114
Fredy Guarín,Internazionale,Midfielder,13,309,2,39,0,26,75,18,53,2,1,2,0,107.6,114
Fredy Guarín,Internazionale,Midfielder,13,309,2,39,0,26,75,18,53,2,1,2,0,107.6,114
Gabi,Atlético de Madrid,Midfielder,16,176,0,50,0,20,80,18,49,3,0,5,1,104.6,114
Alberto Moreno,Liverpool,Defender,15,211,2,50,0,18,82,19,49,4,3,3,0,139.5,114
Renaud Cohade,St Etienne,Midfielder,17,97,1,43,0,12,77,17,46,2,0,2,0,107.275,113
Jérémy Morel,Marseille,Defender,15,244,0,0,0,1,84,23,58,9,0,3,0,131.8,113
Jordan Ferri,Lyon,Midfielder,17,214,1,28,0,17,85,20,45,1,0,4,0,110.25,113
Memphis Depay,PSV,Forward,11,390,9,34,0,22,74,16,58,1,0,2,0,105.665,113
Steve Mandanda,Marseille,Goalkeeper,20,406,6,0.95,0,2.5,2.63,93,35,82,33,1,0,95,113
Arkadiusz Milik,Ajax,Forward,12,412,8,59,0,14,76,13,40,1,0,1,0,107.22,113
Luiz Gustavo,VfL Wolfsburg,Midfielder,16,251,0,13,0,8,88,19,49,4,2,6,0,100.8,113
Pablo Zabaleta,Manchester City,Defender,15,214,1,17,0,15,86,16,51,5,0,5,1,130.3,113
Terence Kongolo,Feyenoord,Defender,13,575,0,25,0,4,88,20,64,9,0,1,0,132.5,112
Arnold Mvuemba,Lyon,Midfielder,16,183,0,0,0,16,93,18,54,1,0,1,0,108.8,112
Karim Rekik,PSV,Defender,14,387,1,100,0,5,87,22,55,9,2,1,0,138.1,112
Álvaro Domínguez,Borussia Mönchengladbach,Defender,14,246,0,60,0,9,80,22,55,8,0,3,0,132.1,112
Juan Jesus,Internazionale,Defender,17,274,0,0,0,4,84,17,49,7,0,4,0,127.5,112
Juan Jesus,Internazionale,Defender,17,274,0,0,0,4,84,17,49,7,0,4,0,127.5,112
Juan Jesus,Internazionale,Defender,17,274,0,0,0,4,84,17,49,7,0,4,0,127.5,112
Angelo Ogbonna,Juventus,Defender,15,435,0,25,0,4,90,19,64,5,0,3,0,123.0,111
James Collins,West Ham United,Defender,14,191,0,40,0,2,70,28,55,12,0,4,1,135.8,111
David de Gea,Manchester United,Goalkeeper,21,168,6,1,0,2.24,2.24,89,14,67,40,0,0,92.8,111
Cheikhou Kouyaté,West Ham United,Midfielder,16,64,1,50,0,8,79,15,47,3,2,3,0,101.4,110
Jerome Boateng,FC Bayern München,Defender,14,522,0,50,0,9,86,22,58,6,0,1,0,126.9,110
Fernando,Manchester City,Midfielder,15,124,1,33,0,8,91,15,38,4,2,5,0,98.375,110
Dejan Lovren,Liverpool,Defender,16,293,0,17,0,1,88,21,60,11,6,2,0,150.8,110
Samir Handanovic,Internazionale,Goalkeeper,19,168,7,1.32,0,2.26,1.72,91,47,72,32,1,0,89.2,110
Samir Handanovic,Internazionale,Goalkeeper,19,168,7,1.32,0,2.26,1.72,91,47,72,32,1,0,89.2,110
Samir Handanovic,Internazionale,Goalkeeper,19,168,7,1.32,0,2.26,1.72,91,47,72,32,1,0,89.2,110
Luke Wilkshire,Feyenoord,Defender,12,385,0,67,0,23,79,21,58,4,0,1,0,129.7,110
Jeroen Zoet,PSV,Goalkeeper,15,374,6,0.73,0,2.8,3.82,100,47,75,38,0,0,92,110
Claudio Bravo,Barcelona,Goalkeeper,18,429,11,0.5,0,1.5,3.86,82,6,85,30,0,0,77,110
Iker Casillas,Real Madrid,Goalkeeper,15,316,8,0.87,0,2.4,2.77,98,40,69,39,0,0,86,110
Éver Banega,Sevilla,Midfielder,16,106,1,56,0,18,83,18,47,1,0,3,0,107,110
Gervinho,Roma,Forward,14,376,2,53,0,22,82,12,54,1,0,1,0,101.38,110
Ömer Toprak,Bayer 04 Leverkusen,Defender,14,199,0,43,0,6,74,22,58,8,0,4,0,128.6,110
Diafra Sakho,West Ham United,Forward,14,134,8,41,0,12,60,15,38,1,0,1,0,104.25,109
Loic Perrin,St Etienne,Defender,12,463,0,0,0,0,88,22,69,12,2,0,0,139.2,109
Kévin Monnet-Paquet,St Etienne,Forward,18,154,1,31,0,17,75,13,37,1,1,0,0,101.325,109
Mario Mandzukic,Atlético de Madrid,Forward,15,281,7,50,0,11,67,11,49,1,0,7,0,103.3625,109
Adrián,West Ham United,Goalkeeper,21,158,4,1.19,0,2.62,2.29,96,24,56,47,2,0,96.4,108
Ryan Mason,Tottenham Hotspur,Midfielder,15,158,0,31,0,14,81,19,53,3,1,4,0,99.25,108
Danijel Subasic,Monaco,Goalkeeper,20,226,9,0.9,0,1.7,2.13,93,30,65,42,2,0,81,108
Layvin Kurzawa,Monaco,Defender,11,281,0,56,0,24,74,18,49,7,0,1,0,133.9,108
Lucas Biglia,Lazio,Midfielder,13,269,1,20,0,14,87,19,42,4,0,3,0,95.925,108
Aleix Vidal,Sevilla,Midfielder,16,46,2,67,0,10,72,16,45,2,1,3,0,101.8,108
Ivan Perisic,VfL Wolfsburg,Midfielder,13,159,3,59,0,17,69,16,50,2,1,1,0,101.675,108
Bernardo Silva,Monaco,Midfielder,14,155,1,67,0,22,84,16,52,1,0,1,0,104.6,108
Kevin Nolan,West Ham United,Midfielder,16,119,1,78,0,7,80,18,34,3,0,0,0,98.6,108
Marcelo,Real Madrid,Defender,15,251,0,43,0,17,82,17,50,4,1,3,0,126.8,107
Nacho Monreal,Arsenal,Defender,15,311,0,0,0,5,88,16,54,6,0,1,0,121.8,107
Raúl García,Atlético de Madrid,Midfielder,16,107,3,58,0,6,65,13,50,2,1,4,0,101,107
Kieran Gibbs,Arsenal,Defender,16,138,0,17,0,11,82,18,46,5,0,3,0,122.3,107
Jean-Paul Boëtius,Feyenoord,Forward,14,184,3,59,0,15,78,18,47,1,0,0,0,100.22,107
Miroslav Klose,Lazio,Forward,15,97,3,88,0,5,73,15,39,1,0,2,0,102.6375,107
Thiago Motta,Paris Saint Germain,Midfielder,16,309,0,100,0,10,93,16,36,3,0,5,0,97.6,107
Roberto Pereyra,Juventus,Midfielder,16,179,0,20,0,14,87,14,49,1,0,0,0,103.4,106
Lex Immers,Feyenoord,Midfielder,12,223,3,40,0,18,75,17,49,2,0,0,0,100.2,106
Enner Valencia,West Ham United,Forward,18,95,3,33,0,8,74,14,39,1,0,0,0,100.82,106
David López,Napoli,Midfielder,15,221,0,27,0,11,86,16,45,3,2,2,0,97.125,106
Anthony Lopes,Lyon,Goalkeeper,20,425,8,0.85,0,1.7,2.13,98,55,61,39,0,0,82,106
Steed Malbranque,Lyon,Midfielder,15,146,3,64,0,12,86,14,34,1,0,2,0,103,106
Josuha Guilavogui,VfL Wolfsburg,Midfielder,14,181,0,44,0,7,84,18,50,5,2,3,1,90.9,106
André Ayew,Marseille,Forward,15,148,3,50,0,14,81,16,46,1,0,3,0,99.0875,106
Philipp Lahm,FC Bayern München,Defender,11,402,2,60,0,26,89,17,45,2,0,0,0,122.5,106
Tin Jedvaj,Bayer 04 Leverkusen,Defender,14,88,2,50,0,6,70,19,48,7,0,5,1,122.3,105
David Luiz,Paris Saint Germain,Defender,14,421,0,20,0,2,89,20,66,7,2,2,0,126.1,105
Joe Hart,Manchester City,Goalkeeper,19,231,7,0.84,0,2,2.71,96,63,56,43,1,0,84,105
Atsuto Uchida,FC Schalke 04,Defender,13,172,0,100,0,15,71,17,51,6,0,2,0,124.5,105
Salvatore Sirigu,Paris Saint Germain,Goalkeeper,19,422,8,0.68,0,1.79,3.09,85,37,80,30,1,0,80.8,105
Daniele De Rossi,Roma,Midfielder,13,344,1,80,0,8,90,22,44,5,1,5,1,89.55,105
Seydou Keita,Roma,Midfielder,14,406,1,25,0,5,93,16,50,3,0,2,0,95.05,104
Thiago Silva,Paris Saint Germain,Defender,11,477,0,33,0,2,91,19,73,10,1,1,0,128.0,104
Alberto Aquilani,Fiorentina,Midfielder,16,56,0,21,0,13,85,18,38,2,0,3,0,97.2,103
Max Meyer,FC Schalke 04,Midfielder,14,130,2,80,0,10,81,13,59,1,0,0,0,100,103
Federico Fazio,Tottenham Hotspur,Defender,12,269,0,40,0,2,81,20,63,13,3,1,1,138.9,103
Ivica Olic,VfL Wolfsburg,Forward,14,35,5,64,0,7,67,14,34,1,0,0,0,98.505,103
Kostas Manolas,Roma,Defender,15,395,0,0,0,1,93,19,49,9,0,2,1,120.8,102
Ricardo Kishna,Ajax,Forward,14,209,2,60,0,16,75,18,37,0,0,1,0,95.625,102
Gianluigi Buffon,Juventus,Goalkeeper,17,483,10,0.47,0,1.41,3,94,24,84,29,0,0,72.2,102
Davide Astori,Roma,Defender,10,411,1,67,0,2,88,21,64,12,0,5,0,127.2,102
Morgan Amalfitano,West Ham United,Midfielder,15,113,2,33,0,6,79,18,44,2,0,2,0,96.125,102
Gerard Piqué,Barcelona,Defender,12,495,2,50,0,2,90,20,58,7,0,4,0,116.9,102
Ricardo Carvalho,Monaco,Defender,14,377,0,100,0,3,90,21,51,9,0,2,1,120.9,101
Rod Fanni,Marseille,Defender,12,311,1,40,0,5,87,25,51,9,1,0,0,124.6,101
Marouane Fellaini,Manchester United,Midfielder,12,216,2,53,0,5,87,16,49,4,0,3,0,88.8,101
Michael Carrick,Manchester United,Midfielder,12,317,0,0,0,4,90,20,56,5,0,1,0,85.8,101
Stevan Jovetic,Manchester City,Forward,12,307,5,50,0,14,81,11,41,1,0,0,0,94.87,101
Santiago Arias,PSV,Defender,12,209,1,40,0,14,84,16,54,4,0,2,0,115.7,101
Nick Viergever,Ajax,Defender,14,220,1,40,0,8,86,17,50,4,0,2,0,112.7,101
Jérémy Clément,St Etienne,Midfielder,14,237,0,0,0,7,89,17,49,3,0,1,0,91.3,100
Maxwell,Paris Saint Germain,Defender,12,333,1,100,0,10,85,15,53,5,0,0,0,114.9,100
Dimitar Berbatov,Monaco,Forward,13,176,5,58,0,12,74,13,41,1,0,4,0,94.495,100
Alexandre Song,West Ham United,Midfielder,14,32,0,0,0,16,79,19,52,2,0,2,0,93.85,100
Chris Smalling,Manchester United,Defender,12,333,1,17,0,2,89,23,55,9,0,1,1,118.5,100
Carl Jenkinson,West Ham United,Defender,17,20,0,67,0,10,79,18,37,5,1,1,0,117.4,99
Ignazio Abate,Milan,Defender,12,149,0,20,0,13,74,19,55,5,0,0,0,115.8,99
Ignazio Abate,Milan,Defender,12,149,0,20,0,13,74,19,55,5,0,0,0,115.8,99
Ignazio Abate,Milan,Defender,12,149,0,20,0,13,74,19,55,5,0,0,0,115.8,99
Ignazio Abate,Milan,Defender,12,149,0,20,0,13,74,19,55,5,0,0,0,115.8,99
Ezequiel Lavezzi,Paris Saint Germain,Forward,13,141,2,78,0,11,86,16,46,1,0,2,0,93.505,99
Benedikt Höwedes,FC Schalke 04,Defender,13,321,1,75,0,2,86,19,49,8,0,2,0,116.0,99
Ashley Young,Manchester United,Midfielder,13,243,0,60,0,11,81,18,48,4,0,4,0,86.925,99
Kévin Théophile-Cath..,St Etienne,Defender,14,65,0,0,0,4,65,20,52,6,0,1,0,112.5,99
Didier Drogba,Chelsea,Forward,16,67,3,38,0,10,68,15,46,1,1,1,0,92.68,98
Rafinha,FC Bayern München,Defender,13,486,0,33,0,17,89,18,48,3,0,0,0,112.4,98
Sebastian Jung,VfL Wolfsburg,Defender,15,14,0,0,0,15,77,19,37,4,0,0,0,113.3,98
Sven Bender,Borussia Dortmund,Midfielder,13,150,0,0,0,7,83,17,45,4,0,1,0,85.6,98
Mattia Destro,Roma,Forward,14,60,4,69,0,3,79,12,17,1,0,2,0,94.035,98
Alex,Milan,Defender,11,209,0,50,0,1,92,17,74,7,0,1,0,112.0,98
Alex,Milan,Defender,11,209,0,50,0,1,92,17,74,7,0,1,0,112.0,98
Alex,Milan,Defender,11,209,0,50,0,1,92,17,74,7,0,1,0,112.0,98
Alex,Milan,Defender,11,209,0,50,0,1,92,17,74,7,0,1,0,112.0,98
Álvaro Morata,Juventus,Forward,13,145,4,67,0,10,77,12,48,0,0,1,1,92.2975,97
Denis Suárez,Sevilla,Midfielder,15,13,1,38,0,20,79,16,39,0,0,2,0,97.25,97
Anthony Martial,Monaco,Forward,17,3,1,47,0,7,71,13,42,1,0,0,0,92.1325,97
Kolbeinn Sigthorsson,Ajax,Forward,14,200,5,52,0,6,69,12,53,1,0,1,0,92.935,97
Jasper Cillessen,Ajax,Goalkeeper,17,445,6,0.94,0,1.94,2.06,97,29,72,38,0,0,78.8,97
Martin Stranzl,Borussia Mönchengladbach,Defender,11,351,0,33,0,0,83,22,72,9,1,2,0,117.8,97
Lucas Ocampos,Monaco,Midfielder,16,10,1,40,0,7,83,13,39,1,0,2,0,93.8,97
Thibaut Courtois,Chelsea,Goalkeeper,19,235,7,1,0,1.58,1.67,100,26,63,43,1,0,75.6,97
Franck Ribéry,FC Bayern München,Midfielder,11,343,2,62,0,22,83,16,53,1,0,1,0,93.4,96
Mapou Yanga-Mbiwa,Roma,Defender,12,508,0,0,0,4,93,19,55,8,0,1,0,114.0,96
Kalidou Koulibaly,Napoli,Defender,15,261,1,17,0,3,89,20,45,8,2,4,1,119.3,96
Mattia De Sciglio,Milan,Defender,13,50,0,20,0,16,81,17,47,5,0,3,1,113.7,96
Mattia De Sciglio,Milan,Defender,13,50,0,20,0,16,81,17,47,5,0,3,1,113.7,96
Mattia De Sciglio,Milan,Defender,13,50,0,20,0,16,81,17,47,5,0,3,1,113.7,96
Mattia De Sciglio,Milan,Defender,13,50,0,20,0,16,81,17,47,5,0,3,1,113.7,96
Daley Blind,Manchester United,Midfielder,9,285,1,38,0,8,89,19,52,6,2,3,0,77.725,96
Colin Kazim-Richards,Feyenoord,Forward,11,209,5,46,0,17,79,14,42,1,0,2,0,89.2025,96
Juanfran,Atlético de Madrid,Defender,17,82,0,0,0,14,80,15,37,3,1,4,0,111.4,95
Andrea Pirlo,Juventus,Midfielder,10,337,2,57,0,21,88,22,41,2,0,0,0,89.25,95
Moyá,Atlético de Madrid,Goalkeeper,18,151,7,1,0,1.56,1.65,97,22,66,42,0,0,74.2,95
Ander Herrera,Manchester United,Midfielder,11,320,2,29,0,13,87,16,59,2,1,2,0,89.15,95
Shinji Kagawa,Borussia Dortmund,Midfielder,12,120,1,17,0,24,83,18,56,0,0,0,0,94.7,95
Etienne Capoue,Tottenham Hotspur,Midfielder,12,275,0,50,0,4,87,20,42,5,0,2,0,79.7,95
Bernd Leno,Bayer 04 Leverkusen,Goalkeeper,17,150,6,1.18,0,1.88,1.68,100,53,65,42,1,0,76.6,95
Eliaquim Mangala,Manchester City,Defender,13,119,0,17,0,3,88,18,55,9,1,4,1,116.9,94
Phil Jones,Manchester United,Defender,10,328,0,50,0,4,87,21,56,11,0,1,0,118.3,94
Elvis Manu,Feyenoord,Forward,13,205,2,61,0,15,70,17,56,0,0,1,0,88.3,94
Thorgan Hazard,Borussia Mönchengladbach,Midfielder,15,48,1,71,0,11,79,17,33,1,0,0,0,91,94
Christian Maggio,Napoli,Defender,14,96,0,0,0,10,81,16,45,5,0,4,0,108.5,94
Sebastian Kehl,Borussia Dortmund,Midfielder,13,58,0,25,0,9,81,17,46,3,0,1,0,84.275,93
Nemanja Vidic,Internazionale,Defender,11,233,1,11,0,1,86,20,60,10,2,1,1,119.8,93
Nemanja Vidic,Internazionale,Defender,11,233,1,11,0,1,86,20,60,10,2,1,1,119.8,93
Nemanja Vidic,Internazionale,Defender,11,233,1,11,0,1,86,20,60,10,2,1,1,119.8,93
Nabil Dirar,Monaco,Midfielder,14,13,1,40,0,11,78,16,51,1,0,2,0,90.15,93
Stéphane Mbia,Sevilla,Midfielder,11,97,4,64,0,4,82,16,42,3,1,5,0,84.1,93
Falcao,Manchester United,Forward,12,170,3,65,0,10,86,12,37,1,0,1,0,87.72,93
Miquel Nelom,Feyenoord,Defender,12,241,0,0,0,11,85,22,55,5,1,1,0,111.3,93
Kevin Großkreutz,Borussia Dortmund,Midfielder,15,1,0,36,0,13,78,14,44,1,0,2,0,89.75,93
Diego Benaglio,VfL Wolfsburg,Goalkeeper,15,255,5,0.87,0,2.13,2.46,93,47,72,35,0,0,77.6,93
Simon Mignolet,Liverpool,Goalkeeper,19,158,6,1.16,0,1.53,1.45,94,53,71,37,0,0,74.6,93
Yohan Cabaye,Paris Saint Germain,Midfielder,14,167,1,40,0,8,89,17,44,2,2,4,1,86.55,93
Jeremy Mathieu,Barcelona,Defender,14,437,0,60,0,5,89,18,56,6,3,3,0,116.0,93
Neven Subotic,Borussia Dortmund,Defender,13,144,0,17,0,5,81,22,58,6,1,5,0,110.0,93
Romain Hamouma,St Etienne,Midfielder,12,152,2,78,0,17,80,17,45,1,0,2,0,89.5,93
Mario Lemina,Marseille,Midfielder,13,85,1,60,0,7,91,18,42,2,0,1,0,86.225,92
Marquinhos,Paris Saint Germain,Defender,12,387,1,50,0,0,93,19,55,7,1,0,0,109.0,92
Henrikh Mkhitaryan,Borussia Dortmund,Midfielder,12,198,0,30,0,19,73,17,57,2,0,2,0,86,92
Jonathan de Guzmán,Napoli,Midfielder,12,125,3,60,0,11,84,16,39,1,0,1,0,88.9,92
Cristian Zapata,Milan,Defender,11,169,0,50,0,2,81,22,64,8,0,1,1,108.4,91
Cristian Zapata,Milan,Defender,11,169,0,50,0,2,81,22,64,8,0,1,1,108.4,91
Cristian Zapata,Milan,Defender,11,169,0,50,0,2,81,22,64,8,0,1,1,108.4,91
Cristian Zapata,Milan,Defender,11,169,0,50,0,2,81,22,64,8,0,1,1,108.4,91
Vitolo,Sevilla,Midfielder,14,75,2,78,0,7,81,14,42,1,0,3,0,88.05,91
Neto,Fiorentina,Goalkeeper,16,385,7,0.81,0,1.63,2.17,100,31,76,35,2,0,69.6,91
Eric Dier,Tottenham Hotspur,Defender,12,102,2,50,0,3,78,18,56,5,2,3,0,108.1,91
Daniel Caligiuri,VfL Wolfsburg,Midfielder,12,133,3,58,0,8,78,19,47,1,1,0,0,87.5,91
Pablo Daniel Osvaldo,Internazionale,Forward,12,142,5,41,0,10,75,14,33,1,0,1,0,85.55,90
Pablo Daniel Osvaldo,Internazionale,Forward,12,142,5,41,0,10,75,14,33,1,0,1,0,85.55,90
Pablo Daniel Osvaldo,Internazionale,Forward,12,142,5,41,0,10,75,14,33,1,0,1,0,85.55,90
Julian Korb,Borussia Mönchengladbach,Defender,14,64,0,0,0,9,79,18,46,5,2,1,0,110.7,90
Patrice Evra,Juventus,Defender,10,233,1,100,0,16,82,16,45,5,0,1,0,108.0,90
Romain Alessandrini,Marseille,Midfielder,13,153,1,45,0,12,79,18,47,1,0,0,0,86.95,90
Sulley Ali Muntari,Milan,Midfielder,12,12,2,38,0,8,79,18,37,3,1,5,0,80.8,90
Sulley Ali Muntari,Milan,Midfielder,12,12,2,38,0,8,79,18,37,3,1,5,0,80.8,90
Sulley Ali Muntari,Milan,Midfielder,12,12,2,38,0,8,79,18,37,3,1,5,0,80.8,90
Sulley Ali Muntari,Milan,Midfielder,12,12,2,38,0,8,79,18,37,3,1,5,0,80.8,90
Glen Johnson,Liverpool,Defender,11,144,1,20,0,3,83,18,60,5,0,1,0,101.3,90
Khouma Babacar,Fiorentina,Forward,12,129,4,64,0,7,78,12,38,1,0,2,0,85.26,89
Joaquín,Fiorentina,Midfielder,10,238,1,14,0,18,85,14,56,2,0,1,0,83.25,89
Dante,FC Bayern München,Defender,14,485,0,50,0,2,91,19,51,4,0,1,0,98.1,89
Daniel Carvajal,Real Madrid,Defender,13,207,0,0,0,17,86,16,40,4,0,5,0,105.4,89
Lucas Leiva,Liverpool,Midfielder,11,128,0,50,0,6,86,18,37,5,0,3,0,73.825,89
Emre Can,Liverpool,Midfielder,10,166,1,50,0,5,85,18,58,4,0,1,0,76.75,89
Lorenzo Insigne,Napoli,Forward,11,256,1,48,0,21,83,17,42,2,0,0,0,80.7425,88
Ciro Immobile,Borussia Dortmund,Forward,13,154,3,67,0,6,67,16,42,1,0,1,0,84.3725,88
Sokratis,Borussia Dortmund,Defender,11,137,1,33,0,3,80,23,59,6,0,5,0,101.5,88
Younes Kaboul,Tottenham Hotspur,Defender,11,150,0,33,0,4,80,22,49,11,2,2,0,117.9,88
Laurent Koscielny,Arsenal,Defender,11,329,2,50,0,0,90,20,46,8,1,1,0,106.7,88
Maximilian Arnold,VfL Wolfsburg,Midfielder,12,137,2,50,0,12,86,17,43,1,0,3,0,84.7,88
Miranda,Atlético de Madrid,Defender,11,142,3,100,0,3,80,24,53,5,2,4,0,105.1,88
Mats Hummels,Borussia Dortmund,Defender,10,154,1,50,0,5,80,23,57,7,1,1,0,106.8,87
Rickie Lambert,Liverpool,Forward,16,7,1,40,0,6,69,15,44,0,0,0,0,82.84,87
Jordy Clasie,Feyenoord,Midfielder,12,183,0,45,0,11,83,20,47,3,0,5,0,78,87
Luis Suárez,Barcelona,Forward,10,252,2,43,0,24,77,12,46,1,0,1,0,79.075,87
Andrés Iniesta,Barcelona,Midfielder,12,254,0,25,0,15,90,16,56,1,2,2,0,83.8,87
Adrián Ramos,Borussia Dortmund,Forward,13,56,2,33,0,17,64,14,46,1,2,0,0,80.445,87
Javier Mascherano,Barcelona,Defender,13,412,0,0,0,2,92,21,59,4,0,2,1,95.6,87
José Holebas,Roma,Defender,10,248,1,25,0,9,85,16,50,6,0,2,0,103.1,87
Tiemoué Bakayoko,Monaco,Midfielder,10,117,0,0,0,3,82,18,56,6,0,4,1,68.5,87
Stephan El Shaarawy,Milan,Forward,13,147,1,54,0,11,83,16,47,1,0,2,0,80.8275,86
Stephan El Shaarawy,Milan,Forward,13,147,1,54,0,11,83,16,47,1,0,2,0,80.8275,86
Stephan El Shaarawy,Milan,Forward,13,147,1,54,0,11,83,16,47,1,0,2,0,80.8275,86
Nicolai Boilesen,Ajax,Defender,12,132,0,25,0,5,81,19,60,5,2,1,0,104.8,86
Maya Yoshida,Southampton,Defender,11,115,1,100,0,1,80,21,60,6,1,2,0,101.8,86
Nabil Bentaleb,Tottenham Hotspur,Midfielder,11,145,0,17,0,5,86,17,49,4,0,2,0,74.125,86
Faouzi Ghoulam,Napoli,Defender,11,222,0,50,0,11,86,17,55,5,1,2,0,104.6,86
Florian Jozefzoon,PSV,Forward,12,191,2,82,0,6,76,14,59,2,0,1,0,82.12,86
Beto,Sevilla,Goalkeeper,14,111,6,1,0,1.79,1.79,88,36,62,39,2,0,67.8,86
Erik Durm,Borussia Dortmund,Defender,12,60,0,0,0,8,68,20,51,5,1,1,0,102.8,86
Marco Höger,FC Schalke 04,Midfielder,13,63,0,40,0,8,78,17,44,3,0,6,0,76.65,86
Mathieu Debuchy,Arsenal,Defender,10,92,1,57,0,2,79,17,57,8,1,2,0,105.5,86
Daniel Carriço,Sevilla,Defender,15,121,0,0,0,1,83,21,44,8,2,5,1,107.8,85
Benoît Trémoulinas,Sevilla,Defender,10,127,0,20,0,9,73,18,57,6,0,2,0,101.8,85
André Schürrle,Chelsea,Midfielder,13,102,2,45,0,5,79,15,43,1,0,2,0,81.65,85
Dani Alves,Barcelona,Defender,14,240,0,33,0,17,89,14,41,2,2,3,0,103.0,85
Marco Reus,Borussia Dortmund,Midfielder,7,311,3,50,0,20,82,18,56,2,1,1,0,78.15,84
Jorginho,Napoli,Midfielder,13,41,0,25,0,12,87,16,30,2,0,4,0,78.025,84
Andrés Guardado,PSV,Midfielder,9,146,0,33,0,10,85,20,61,4,1,1,0,71.85,84
Stefan Radu,Lazio,Defender,10,263,0,0,0,5,83,18,48,9,0,2,0,103.8,83
Gökhan Inler,Napoli,Midfielder,10,173,1,19,0,10,88,18,41,3,0,2,0,74.25,83
Geoffrey Kondogbia,Monaco,Midfielder,11,232,1,67,0,5,86,17,60,2,0,1,0,77.15,83
Roman Weidenfeller,Borussia Dortmund,Goalkeeper,12,44,1,1.58,0,2.75,1.83,83,33,73,34,0,0,80,83
Gregory Van der Wiel,Paris Saint Germain,Defender,13,219,0,0,0,9,91,15,42,4,0,0,1,95.2,83
Federico Marchetti,Lazio,Goalkeeper,14,75,5,1.07,0,1.93,1.93,100,36,59,41,4,0,67.6,83
Benjamin Corgnet,St Etienne,Midfielder,14,4,0,29,0,10,70,16,46,1,0,2,0,79.6,83
Luka Modric,Real Madrid,Midfielder,10,326,1,50,0,12,90,18,51,2,0,2,0,76.25,82
Diego López,Milan,Goalkeeper,11,157,3,1.27,0,2.45,2.45,82,55,68,37,1,0,73,82
Diego López,Milan,Goalkeeper,11,157,3,1.27,0,2.45,2.45,82,55,68,37,1,0,73,82
Diego López,Milan,Goalkeeper,11,157,3,1.27,0,2.45,2.45,82,55,68,37,1,0,73,82
Diego López,Milan,Goalkeeper,11,157,3,1.27,0,2.45,2.45,82,55,68,37,1,0,73,82
Zdravko Kuzmanovic,Internazionale,Midfielder,10,265,0,27,0,14,90,17,54,2,0,0,0,76,82
Zdravko Kuzmanovic,Internazionale,Midfielder,10,265,0,27,0,14,90,17,54,2,0,0,0,76,82
Zdravko Kuzmanovic,Internazionale,Midfielder,10,265,0,27,0,14,90,17,54,2,0,0,0,76,82
James Ward-Prowse,Southampton,Midfielder,11,155,0,45,0,20,90,19,33,1,0,0,0,78.825,82
Karim El Ahmadi,Feyenoord,Midfielder,11,237,0,46,0,12,90,16,40,2,0,0,0,75.75,82
Mitchell te Vrede,Feyenoord,Forward,12,93,5,55,0,3,65,12,36,1,0,2,0,79.05,82
Josip Drmic,Bayer 04 Leverkusen,Forward,12,77,3,56,0,4,79,14,33,0,0,0,0,78.13,82
Elderson Echiéjilé,Monaco,Defender,8,122,1,20,0,7,80,18,67,5,0,0,0,95.0,81
Bakary Koné,Lyon,Defender,10,154,1,50,0,1,86,23,51,9,2,1,0,105.8,81
Tonny Vilhena,Feyenoord,Midfielder,11,113,0,53,0,11,81,20,51,2,0,1,0,74.3,80
Jasmin Kurtic,Fiorentina,Midfielder,11,177,1,50,0,7,87,14,41,2,0,1,0,74.2,80
Coke,Sevilla,Defender,12,69,1,75,0,5,74,18,46,4,0,5,0,90.6,80
Jack Cork,Southampton,Midfielder,11,144,2,67,0,5,87,17,47,1,0,0,0,76.85,80
Vincent Kompany,Manchester City,Defender,13,245,0,0,0,2,89,20,43,7,1,4,0,97.8,80
Kaan Ayhan,FC Schalke 04,Defender,12,15,0,0,0,3,79,21,50,5,0,3,0,91.3,80
Dusan Basta,Lazio,Defender,10,152,0,33,0,11,79,17,44,6,0,2,0,96.6,79
Aaron Hunt,VfL Wolfsburg,Midfielder,11,108,2,67,0,12,83,18,46,0,0,1,0,78.475,78
Asier Illarramendi,Real Madrid,Midfielder,11,115,0,0,0,4,91,16,38,3,0,1,0,69.475,78
Wojciech Szczesny,Arsenal,Goalkeeper,17,41,3,1.24,0,1.65,1.4,95,12,68,36,1,0,69,78
Luke Shaw,Manchester United,Defender,10,106,0,100,0,5,84,19,55,5,0,0,0,90.4,78
Tranquillo Barnetta,FC Schalke 04,Midfielder,9,182,2,80,0,10,80,18,44,2,0,0,0,71.9,78
Joe Allen,Liverpool,Midfielder,11,85,0,0,0,7,89,16,52,2,0,2,0,71.775,78
Nenad Tomovic,Fiorentina,Defender,10,145,1,50,0,5,82,18,50,6,1,3,0,95.1,78
Aymen Abdennour,Monaco,Defender,8,165,0,100,0,1,86,21,66,10,1,2,0,101.0,77
Emmanuel Adebayor,Tottenham Hotspur,Forward,10,86,2,64,0,12,76,13,41,1,0,1,0,72.1,77
Sebastian Rode,FC Bayern München,Midfielder,10,200,1,17,0,11,85,16,58,1,0,1,0,73.75,77
John Obi Mikel,Chelsea,Midfielder,12,92,0,0,0,2,91,17,38,2,1,0,0,70.7,77
Marcos Rojo,Manchester United,Defender,10,248,0,0,0,4,87,21,49,10,3,2,0,107.7,77
David Alaba,FC Bayern München,Defender,10,347,0,50,0,12,90,17,49,3,0,0,0,88.7,77
Mevlut Erding,St Etienne,Forward,11,100,3,67,0,4,69,11,34,1,0,0,0,73.5025,76
Mousa Dembélé,Tottenham Hotspur,Midfielder,12,118,0,0,0,6,88,15,46,1,0,0,0,73.2,76
Andy Carroll,West Ham United,Forward,11,176,4,33,0,10,64,14,52,2,0,1,0,71.915,76
Jürgen Locadia,PSV,Forward,9,276,4,63,0,7,85,14,51,2,0,0,0,72.3875,76
Henri Bedimo,Lyon,Defender,13,103,0,100,0,7,79,17,44,3,2,0,0,91.4,76
Wendell,Bayer 04 Leverkusen,Defender,10,26,0,25,0,12,76,18,43,5,0,3,0,91.7,76
Josip Ilicic,Fiorentina,Midfielder,11,211,1,37,0,16,85,17,41,0,0,2,0,75.65,76
Gerard Deulofeu,Sevilla,Midfielder,11,138,1,43,0,9,77,19,44,1,0,0,0,72.275,75
Lorik Cana,Lazio,Defender,11,88,0,50,0,2,87,21,46,8,0,4,1,92.2,75
Oscar Wendt,Borussia Mönchengladbach,Defender,10,130,1,100,0,3,83,19,42,6,0,1,0,88.3,75
Roberto Soldado,Tottenham Hotspur,Forward,13,27,1,35,0,8,74,13,32,1,0,1,0,70.02,74
Giménez,Atlético de Madrid,Defender,7,205,1,100,0,1,85,21,60,9,0,2,0,92.8,74
Jonathan Brison,St Etienne,Defender,10,134,1,100,0,5,72,18,49,4,0,3,0,84.4,74
Guillherme Siqueira,Atlético de Madrid,Defender,12,85,0,50,0,5,70,16,48,4,0,4,1,84.2,74
Kenneth Vermeer,Feyenoord,Goalkeeper,11,280,7,0.55,0,1.18,2.6,82,18,73,37,0,0,52.6,74
Edson Braafheid,Lazio,Defender,11,10,0,25,0,12,76,19,39,3,0,1,0,85.6,74
Olivier Giroud,Arsenal,Forward,10,125,5,50,0,6,70,11,45,1,1,1,1,70.25,74
Kevin Gameiro,Sevilla,Forward,10,79,2,67,0,7,80,13,30,0,0,0,0,69.75,74
Jorrit Hendrix,PSV,Defender,11,158,1,100,0,4,81,19,40,5,0,1,1,85.3,73
Yohan Mollo,St Etienne,Midfielder,10,99,1,50,0,13,73,20,52,1,0,2,0,70.25,73
Rafael Cabral,Napoli,Goalkeeper,18,13,4,1.33,0,1.06,0.79,79,28,67,37,0,0,61.2,73
Ibrahima Traoré,Borussia Mönchengladbach,Midfielder,12,55,0,40,0,8,78,18,46,1,0,2,0,70.2,73
Walter Gargano,Napoli,Midfielder,11,133,0,50,0,8,87,19,37,2,0,3,0,67.1,73
Adnan Januzaj,Manchester United,Midfielder,11,13,0,9,0,9,82,14,49,1,1,0,0,70.025,73
Duván Zapata,Napoli,Forward,9,141,4,86,0,4,69,11,39,1,0,1,0,70.3225,73
Yoann Gourcuff,Lyon,Midfielder,8,141,3,71,0,9,91,21,43,1,0,0,0,69.8,73
Junior Malanda,VfL Wolfsburg,Midfielder,10,133,0,33,0,6,83,18,55,2,0,0,0,66.5,73
Javier Manquillo,Liverpool,Defender,10,73,0,0,0,1,83,17,54,6,0,3,0,84.8,72
Ben Davies,Tottenham Hotspur,Defender,9,84,0,0,0,7,81,16,54,5,0,2,0,85.7,72
Dennis Aogo,FC Schalke 04,Defender,15,5,0,50,0,8,86,18,29,4,1,6,0,87.0,72
Ramires,Chelsea,Midfielder,11,49,1,20,0,8,85,16,35,1,0,2,0,69,72
Milan Bisevac,Lyon,Defender,11,281,0,0,0,1,88,22,47,7,1,4,0,89.2,72
Carlton Cole,West Ham United,Forward,11,14,2,80,0,4,52,14,32,1,0,0,0,68.87,71
Branimir Hrgota,Borussia Mönchengladbach,Forward,11,39,1,50,0,7,78,14,36,0,0,0,0,66.055,70
Luis Pedro Cavanda,Lazio,Defender,10,102,0,0,0,5,84,17,49,6,0,4,1,84.4,70
Gonzalo Castro,Bayer 04 Leverkusen,Midfielder,9,114,0,36,0,10,73,18,42,3,0,2,0,60.875,70
Jean-Christophe Bahe..,Paris Saint Germain,Forward,11,77,2,38,0,6,83,14,43,0,0,1,0,65.9925,70
Paul Baysse,St Etienne,Defender,3,165,1,100,0,0,81,26,63,15,0,0,0,99.6,70
Edin Dzeko,Manchester City,Forward,11,106,2,31,0,7,81,14,41,1,0,0,0,65.5725,70
Mario Gomez,Fiorentina,Forward,12,13,1,47,0,4,78,12,28,1,0,1,0,66.16,70
Michy Batshuayi,Marseille,Forward,11,66,2,50,0,5,73,16,35,0,0,1,0,65.8175,69
Lazar Markovic,Liverpool,Forward,11,102,1,22,0,12,80,15,56,1,0,0,0,63.85,69
Joshua Brenet,PSV,Defender,11,132,0,100,0,5,85,17,43,4,0,0,1,79.3,69
Serge Aurier,Paris Saint Germain,Defender,9,153,0,50,0,10,89,15,50,4,1,1,0,84.5,69
Maicon,Roma,Defender,11,114,0,22,0,8,82,17,37,4,0,3,0,80.1,68
Mario Suárez,Atlético de Madrid,Midfielder,9,60,1,50,0,4,83,18,42,3,0,5,0,59.125,68
Vasilis Torosidis,Roma,Defender,9,291,1,60,0,3,85,17,47,5,0,3,0,79.5,68
Rafael,Manchester United,Defender,9,22,0,0,0,6,84,16,49,6,1,2,0,85.9,68
José Basanta,Fiorentina,Defender,8,237,1,67,0,0,85,19,56,7,1,2,0,84.9,68
Roel Brouwers,Borussia Mönchengladbach,Defender,7,191,1,60,0,1,89,20,57,7,0,1,0,82.4,68
Raphael Varane,Real Madrid,Defender,9,133,0,25,0,0,89,18,58,6,1,0,0,82.8,68
Jan Kirchhoff,FC Schalke 04,Defender,10,51,0,0,0,5,82,20,47,4,0,2,0,78.1,68
Danilo D'Ambrosio,Internazionale,Defender,10,31,0,60,0,7,72,17,40,5,0,3,0,80.9,67
Danilo D'Ambrosio,Internazionale,Defender,10,31,0,60,0,7,72,17,40,5,0,3,0,80.9,67
Danilo D'Ambrosio,Internazionale,Defender,10,31,0,60,0,7,72,17,40,5,0,3,0,80.9,67
Marcel Schmelzer,Borussia Dortmund,Defender,6,136,0,25,0,16,76,19,58,5,1,0,0,88.2,67
Álvaro Arbeloa,Real Madrid,Defender,11,135,0,100,0,8,87,16,52,2,2,3,0,81.1,67
Miguel Britos,Napoli,Defender,8,87,1,25,0,3,79,19,51,7,1,4,0,85.5,67
Sebastian Boenisch,Bayer 04 Leverkusen,Defender,8,14,0,0,0,6,60,21,55,5,0,1,0,79.8,67
Ilkay Gündogan,Borussia Dortmund,Midfielder,8,117,1,56,0,9,85,19,44,2,0,1,0,60.8,67
Vicente Iborra,Sevilla,Midfielder,6,143,2,75,0,1,76,19,55,4,0,0,0,54.65,67
Juan Vargas,Fiorentina,Midfielder,9,108,1,29,0,9,82,16,45,1,0,0,0,63.575,67
Kwadwo Asamoah,Juventus,Midfielder,6,135,0,33,0,10,87,16,56,4,0,1,0,54.45,66
Darren Fletcher,Manchester United,Midfielder,11,54,0,0,0,2,90,18,46,1,1,1,0,63.4,66
Havard Nordtveit,Borussia Mönchengladbach,Midfielder,10,97,1,50,0,1,83,20,38,2,0,2,0,60.25,66
Aleksandar Kolarov,Manchester City,Defender,11,164,0,0,0,9,81,22,36,3,0,3,0,76.2,66
Mamadou Sakho,Liverpool,Defender,8,146,0,50,0,3,89,20,57,7,2,0,0,86.7,65
Medhi Benatia,FC Bayern München,Defender,8,300,1,25,0,3,90,19,55,4,0,2,0,74.6,65
Mario Balotelli,Liverpool,Forward,12,113,0,55,0,5,71,14,39,1,0,4,0,60.67,64
Keylor Navas,Real Madrid,Goalkeeper,2,24,0,1,0,3,3,75,0,73,37,0,0,64,64
Max Grün,VfL Wolfsburg,Goalkeeper,2,36,0,2,0,3,2,100,0,64,39,0,0,64,64
Christian Abbiati,Milan,Goalkeeper,7,79,1,1,0,2.29,2.29,98,29,65,39,0,0,60.8,64
Christian Abbiati,Milan,Goalkeeper,7,79,1,1,0,2.29,2.29,98,29,65,39,0,0,60.8,64
Christian Abbiati,Milan,Goalkeeper,7,79,1,1,0,2.29,2.29,98,29,65,39,0,0,60.8,64
Christian Abbiati,Milan,Goalkeeper,7,79,1,1,0,2.29,2.29,98,29,65,39,0,0,60.8,64
Philippe Mexes,Milan,Defender,7,217,0,50,0,1,82,21,48,10,0,4,0,84.2,64
Philippe Mexes,Milan,Defender,7,217,0,50,0,1,82,21,48,10,0,4,0,84.2,64
Philippe Mexes,Milan,Defender,7,217,0,50,0,1,82,21,48,10,0,4,0,84.2,64
Philippe Mexes,Milan,Defender,7,217,0,50,0,1,82,21,48,10,0,4,0,84.2,64
Manuel Pasqual,Fiorentina,Defender,8,166,1,100,0,13,86,20,42,1,0,0,0,72.2,64
Mesut Özil,Arsenal,Midfielder,7,196,1,43,0,14,88,15,51,1,0,0,0,60.325,63
Riccardo Montolivo,Milan,Midfielder,6,56,0,50,0,8,77,21,57,4,0,1,0,51.1,63
Riccardo Montolivo,Milan,Midfielder,6,56,0,50,0,8,77,21,57,4,0,1,0,51.1,63
Riccardo Montolivo,Milan,Midfielder,6,56,0,50,0,8,77,21,57,4,0,1,0,51.1,63
Riccardo Montolivo,Milan,Midfielder,6,56,0,50,0,8,77,21,57,4,0,1,0,51.1,63
Ogenyi Onazi,Lazio,Midfielder,10,28,0,33,0,6,84,16,24,2,1,2,0,57,63
Roberto Hilbert,Bayer 04 Leverkusen,Defender,8,9,0,25,0,10,62,19,51,5,2,2,0,83.7,63
Fabian Johnson,Borussia Mönchengladbach,Defender,10,61,0,100,0,2,82,16,51,2,0,0,0,67.5,63
Saúl Ñíguez,Atlético de Madrid,Midfielder,10,26,2,100,0,1,69,14,33,1,0,0,0,59.5,63
Tyler Blackett,Manchester United,Defender,9,63,0,0,0,0,85,22,54,7,1,3,1,79.4,62
Mike van der Hoorn,Ajax,Defender,6,153,2,50,0,0,86,20,59,5,0,1,0,71.6,62
Lucas Digne,Paris Saint Germain,Defender,9,107,0,33,0,3,89,15,48,4,0,1,0,71.1,62
Aaron Lennon,Tottenham Hotspur,Midfielder,9,61,0,0,0,9,85,14,46,1,0,1,0,58.475,61
Daniele Bonera,Milan,Defender,9,130,0,100,0,2,83,21,48,7,0,3,2,76.3,61
Daniele Bonera,Milan,Defender,9,130,0,100,0,2,83,21,48,7,0,3,2,76.3,61
Daniele Bonera,Milan,Defender,9,130,0,100,0,2,83,21,48,7,0,3,2,76.3,61
Daniele Bonera,Milan,Defender,9,130,0,100,0,2,83,21,48,7,0,3,2,76.3,61
Jack Wilshere,Arsenal,Midfielder,9,123,1,71,0,7,83,16,47,1,0,4,0,58.25,61
Kolo Touré,Liverpool,Defender,8,113,0,0,0,1,89,19,43,7,0,0,0,75.7,61
Bacary Sagna,Manchester City,Defender,6,61,0,0,0,6,80,16,54,7,0,1,0,78.1,61
Abdel Barrada,Marseille,Midfielder,9,37,1,43,0,8,78,18,55,0,0,0,0,60.925,61
Nani,Sporting Lisbon,Midfielder,5,271,4,44,0,17,79,17,47,0,0,2,0,60.75,61
Raúl Jiménez,Atlético de Madrid,Forward,10,3,1,60,0,3,72,13,36,0,0,0,0,58.2,61
Joel Obi,Internazionale,Midfielder,9,51,1,80,0,5,80,17,43,1,0,1,0,57.675,61
Joel Obi,Internazionale,Midfielder,9,51,1,80,0,5,80,17,43,1,0,1,0,57.675,61
Joel Obi,Internazionale,Midfielder,9,51,1,80,0,5,80,17,43,1,0,1,0,57.675,61
Patrick McNair,Manchester United,Defender,9,78,0,0,0,2,85,22,38,7,1,1,0,78.3,60
Simon Rolfes,Bayer 04 Leverkusen,Midfielder,8,11,0,0,0,3,63,15,57,3,0,1,0,51,60
Yuto Nagatomo,Internazionale,Defender,9,42,0,50,0,7,82,16,47,4,1,1,1,74.5,60
Yuto Nagatomo,Internazionale,Defender,9,42,0,50,0,7,82,16,47,4,1,1,1,74.5,60
Yuto Nagatomo,Internazionale,Defender,9,42,0,50,0,7,82,16,47,4,1,1,1,74.5,60
Stefan Reinartz,Bayer 04 Leverkusen,Midfielder,9,1,0,80,0,6,70,16,45,2,0,2,0,53.875,60
Michael Essien,Milan,Midfielder,9,76,0,33,0,3,89,16,48,2,0,1,1,53.825,60
Michael Essien,Milan,Midfielder,9,76,0,33,0,3,89,16,48,2,0,1,1,53.825,60
Michael Essien,Milan,Midfielder,9,76,0,33,0,3,89,16,48,2,0,1,1,53.825,60
Michael Essien,Milan,Midfielder,9,76,0,33,0,3,89,16,48,2,0,1,1,53.825,60
Jaïro Riedewald,Ajax,Defender,8,144,0,0,0,2,92,17,60,3,0,0,0,66.5,60
Cristian Ledesma,Lazio,Midfielder,5,60,0,0,0,4,83,22,46,5,0,1,0,44.125,59
Michaël Ciani,Lazio,Defender,7,98,0,0,0,0,85,19,58,7,1,0,0,76.1,59
Julian Brandt,Bayer 04 Leverkusen,Midfielder,8,37,1,75,0,11,76,14,29,1,0,0,0,56,59
Filipe Luis,Chelsea,Defender,9,68,0,50,0,5,85,18,50,1,0,0,0,61.8,57
Nicklas Bendtner,VfL Wolfsburg,Forward,9,72,1,50,0,6,73,15,41,1,0,0,0,54.0325,57
Martín Cáceres,Juventus,Defender,5,156,1,50,0,2,87,18,83,4,0,1,0,66.2,57
Joris Mathijsen,Feyenoord,Defender,6,96,0,0,0,2,88,24,54,7,0,0,0,72.1,57
Matthias Ginter,Borussia Dortmund,Defender,8,57,0,60,0,1,83,21,54,5,1,1,0,70.6,57
Bastian Schweinsteig..,FC Bayern München,Midfielder,6,124,1,50,0,8,89,19,44,2,0,0,0,50.95,57
Kevin-Prince Boateng,FC Schalke 04,Midfielder,7,2,0,0,0,4,79,18,40,4,0,3,1,44.825,57
Francis Coquelin,Arsenal,Midfielder,6,38,0,0,0,2,83,13,58,4,0,3,0,44.15,56
Juan Iturbe,Roma,Forward,11,122,1,27,0,2,77,14,49,1,0,1,0,53.4825,56
Javier Hernández,Real Madrid,Forward,8,84,3,50,0,2,82,9,36,0,0,1,0,53.76,56
Javier Hernández,Real Madrid,Forward,8,84,3,50,0,2,82,9,36,0,0,1,0,53.76,56
Julian Draxler,FC Schalke 04,Midfielder,8,45,2,67,0,2,73,16,55,1,1,1,1,52.6,56
Munir El Haddadi,Barcelona,Forward,10,0,1,25,0,4,80,13,39,1,0,0,0,52.25,55
Marcel Schäfer,VfL Wolfsburg,Defender,6,153,0,0,0,7,81,21,71,2,0,0,0,62.7,55
Reyes,Sevilla,Midfielder,7,41,0,25,0,10,72,17,43,2,0,1,0,49.125,55
Adrien Rabiot,Paris Saint Germain,Midfielder,5,137,1,67,0,3,88,15,65,3,0,0,0,46.125,55
Sidney Sam,FC Schalke 04,Midfielder,8,19,0,50,0,8,80,16,48,1,1,1,0,51.6,55
Rachid Ghezzal,Lyon,Midfielder,8,69,0,33,0,9,78,14,40,1,0,0,0,51.6,55
Willy Caballero,Manchester City,Goalkeeper,2,10,0,2,0,2.5,1.67,100,50,72,38,0,0,54,54
Zoumana Camara,Paris Saint Germain,Defender,4,158,1,100,0,0,92,16,71,7,0,0,0,67.9,54
Yann M'Vila,Internazionale,Midfielder,8,53,0,0,0,1,86,17,67,1,0,0,0,50.6,54
Yann M'Vila,Internazionale,Midfielder,8,53,0,0,0,1,86,17,67,1,0,0,0,50.6,54
Yann M'Vila,Internazionale,Midfielder,8,53,0,0,0,1,86,17,67,1,0,0,0,50.6,54
Jonny Evans,Manchester United,Defender,9,166,0,0,0,0,86,21,51,6,4,1,0,77.6,54
Milos Jojic,Borussia Dortmund,Midfielder,9,47,0,38,0,5,86,18,35,1,0,3,0,50.225,53
Rafinha,Barcelona,Midfielder,8,71,0,50,0,3,88,15,53,1,1,0,0,50.2,53
Juan Zuñiga,Napoli,Defender,6,146,0,100,0,6,88,14,54,4,0,0,0,64.1,53
Ismael Diomande,St Etienne,Midfielder,10,44,0,33,0,3,87,17,33,2,0,6,2,47,53
Andros Townsend,Tottenham Hotspur,Midfielder,8,42,1,71,0,4,78,16,40,1,1,2,0,49.6,53
Fernando Navarro,Sevilla,Defender,5,131,0,67,0,1,77,20,46,9,0,1,0,71.1,53
Mohamed Yattara,Lyon,Forward,10,27,0,38,0,3,77,13,30,0,0,0,0,49.825,53
Hugo Campagnaro,Internazionale,Defender,6,30,0,0,0,4,77,22,41,7,0,2,0,68.4,52
Hugo Campagnaro,Internazionale,Defender,6,30,0,0,0,4,77,22,41,7,0,2,0,68.4,52
Hugo Campagnaro,Internazionale,Defender,6,30,0,0,0,4,77,22,41,7,0,2,0,68.4,52
Mikel Arteta,Arsenal,Midfielder,7,135,0,0,0,3,94,16,44,2,0,1,0,46.15,52
Vlad Chiriches,Tottenham Hotspur,Defender,6,16,0,0,0,3,82,19,43,7,0,2,0,67.5,52
Diogo Figueiras,Sevilla,Defender,10,17,0,75,0,5,80,17,31,3,1,1,0,63.4,52
Ashley Cole,Roma,Defender,8,151,0,0,0,2,91,15,36,5,0,1,0,62.7,52
Joey O'Brien,West Ham United,Defender,5,44,0,0,0,5,85,16,48,7,0,2,0,67.8,51
Cristian Ansaldi,Atlético de Madrid,Defender,7,25,0,33,0,5,66,20,47,3,0,0,0,59.7,51
Felipe Santana,FC Schalke 04,Defender,4,85,0,0,0,3,73,19,67,7,0,0,0,66.1,51
Sandro Ramírez,Barcelona,Forward,7,106,2,75,0,0,84,13,57,0,0,0,0,48.355,50
Fabio Borini,Liverpool,Forward,9,21,0,40,0,8,76,15,31,0,0,2,1,45.39,49
Loïc Remy,Chelsea,Forward,8,82,2,33,0,1,85,13,50,0,0,0,0,46.9,49
Tomas Rosicky,Arsenal,Midfielder,6,118,1,100,0,4,84,14,60,1,0,0,0,45.6,49
Simone Padoin,Juventus,Midfielder,8,54,0,100,0,5,92,15,48,1,0,1,2,45,48
Nacho,Real Madrid,Defender,5,129,1,100,0,1,94,17,47,5,0,0,0,58.4,48
Florin Gardos,Southampton,Defender,7,56,0,0,0,0,82,22,42,5,0,1,0,57.6,48
Ruben Schaken,Feyenoord,Forward,7,112,1,33,0,8,84,17,52,0,1,1,0,44.005,47
Rick Karsdorp,Feyenoord,Midfielder,7,43,0,0,0,3,81,19,54,1,0,0,0,43.625,47
Pablo Armero,Milan,Defender,6,69,0,0,0,5,74,18,43,5,0,1,1,59.0,46
Pablo Armero,Milan,Defender,6,69,0,0,0,5,74,18,43,5,0,1,1,59.0,46
Pablo Armero,Milan,Defender,6,69,0,0,0,5,74,18,43,5,0,1,1,59.0,46
Pablo Armero,Milan,Defender,6,69,0,0,0,5,74,18,43,5,0,1,1,59.0,46
Marc Bartra,Barcelona,Defender,5,141,0,33,0,0,88,20,62,5,0,0,0,55.7,46
Keita,Lazio,Forward,7,89,0,40,0,7,85,16,49,0,0,0,0,41.3875,45
Kingsley Coman,Juventus,Midfielder,7,37,0,20,0,3,72,16,50,1,0,0,0,41.35,44
Alejandro Arribas,Sevilla,Defender,4,87,0,100,0,0,84,28,50,8,0,1,0,60.3,44
Niki Zimling,Ajax,Midfielder,6,36,0,0,0,0,87,17,54,2,0,1,0,38.15,44
Joel Matip,FC Schalke 04,Defender,6,29,1,50,0,2,79,24,34,5,0,2,1,55.1,44
Benjamin Stambouli,Tottenham Hotspur,Midfielder,6,22,0,0,0,2,86,16,52,2,0,3,0,37.7,44
Oscar Hiljemark,PSV,Midfielder,5,9,0,0,0,0,85,18,54,3,0,2,0,34.375,43
Ravel Morrison,Cardiff City,Midfielder,7,11,0,0,0,5,90,16,54,0,0,1,0,43.2,43
Héctor Bellerín,Arsenal,Defender,5,28,0,0,0,2,82,15,49,5,0,1,0,53.8,43
Paulinho,Tottenham Hotspur,Midfielder,7,3,0,50,0,1,85,14,38,1,0,1,0,38.525,42
Sebastian Giovinco,Juventus,Forward,6,168,0,62,0,5,92,16,59,0,0,0,0,38.72,41
Iago Aspas,Sevilla,Forward,6,12,0,100,0,3,69,12,33,0,0,0,0,39.315,41
Kyle Walker,Tottenham Hotspur,Defender,5,56,0,0,0,0,76,18,54,5,0,2,0,51.0,41
Giulio Donati,Bayer 04 Leverkusen,Defender,6,41,0,0,0,5,69,19,44,3,0,1,1,49.4,41
Clément Chantôme,Paris Saint Germain,Midfielder,6,62,0,67,0,2,95,14,44,1,0,0,0,37.85,41
Yassine Benzia,Lyon,Forward,5,54,2,80,0,2,82,14,38,0,0,0,0,39.225,41
Kevin Strootman,Roma,Midfielder,4,61,0,100,0,7,85,15,52,2,0,0,0,34.7,41
Timm Klose,VfL Wolfsburg,Defender,3,77,0,0,0,0,84,24,68,7,0,0,0,54.6,41
Kyriakos Papadopoulo..,Bayer 04 Leverkusen,Defender,4,43,0,0,0,1,62,18,61,5,0,0,0,51.0,41
Bas Dost,VfL Wolfsburg,Forward,6,85,2,64,0,1,61,14,48,1,0,0,0,38.835,40
Giampaolo Pazzini,Milan,Forward,8,0,0,50,0,1,63,13,53,0,0,0,0,38.34,40
Giampaolo Pazzini,Milan,Forward,8,0,0,50,0,1,63,13,53,0,0,0,0,38.34,40
Giampaolo Pazzini,Milan,Forward,8,0,0,50,0,1,63,13,53,0,0,0,0,38.34,40
Henrique,Napoli,Defender,7,7,0,0,0,1,89,15,44,4,2,2,0,54.3,40
Francois Clerc,St Etienne,Defender,5,17,0,50,0,2,82,18,54,4,1,0,0,51.5,40
James Wilson,Manchester United,Forward,9,31,0,25,0,1,73,11,46,1,0,2,0,37.4075,39
Marco Andreolli,Internazionale,Defender,4,67,0,0,0,1,87,19,43,6,0,0,0,51.2,39
Marco Andreolli,Internazionale,Defender,4,67,0,0,0,1,87,19,43,6,0,0,0,51.2,39
Marco Andreolli,Internazionale,Defender,4,67,0,0,0,1,87,19,43,6,0,0,0,51.2,39
Holger Badstuber,FC Bayern München,Defender,3,101,0,0,0,2,92,21,76,5,0,0,0,49.7,39
Harrison Reed,Southampton,Midfielder,4,4,0,0,0,0,74,16,48,3,0,0,0,29.2,38
Álvaro González,Lazio,Midfielder,4,3,0,50,0,5,80,17,56,2,0,1,0,31.6,38
Dedryck Boyata,Manchester City,Defender,1,23,0,0,0,0,87,17,53,11,0,1,0,59.5,38
Allan Saint-Maximin,St Etienne,Forward,6,5,0,33,0,6,80,17,54,1,0,0,0,33.75,36
Milan Badelj,Fiorentina,Midfielder,4,42,0,0,0,3,85,18,43,2,0,0,0,29.8,36
Sergi Roberto,Barcelona,Midfielder,5,63,0,0,0,2,96,13,46,1,0,0,0,32.75,36
Sami Khedira,Real Madrid,Midfielder,6,27,0,0,0,3,88,14,50,0,0,0,0,35.7,36
Lacina Traoré,Monaco,Forward,6,9,1,63,0,3,43,13,43,1,0,0,0,34.255,36
Micah Richards,Fiorentina,Defender,4,46,0,100,0,1,90,15,68,3,0,1,0,41.9,35
Bruno Pereirinha,Lazio,Midfielder,1,1,0,0,0,0,82,18,29,5,0,0,0,19.775,35
Claudio Pizarro,FC Bayern München,Forward,6,34,0,60,0,1,79,14,68,0,0,0,0,32.665,34
Diego Poyet,Huddersfield Town,Midfielder,2,8,0,0,0,1,81,18,40,4,0,1,0,22.05,34
Kyle Naughton,Tottenham Hotspur,Defender,5,60,0,0,0,1,79,18,50,5,1,0,2,47.4,34
Matthew Jarvis,West Ham United,Midfielder,4,45,0,0,0,3,74,16,92,1,0,0,0,30.6,34
Baptiste Aloe,Marseille,Defender,4,17,0,0,0,0,100,24,50,4,0,0,0,41.3,33
Chinedu Obasi,FC Schalke 04,Forward,6,7,0,80,0,0,62,13,46,2,0,0,0,32.37,33
Adriano,Barcelona,Defender,5,76,0,33,0,5,88,16,33,2,0,0,0,39.8,33
Mouhamadou Dabo,Lyon,Defender,4,16,0,33,0,1,83,16,50,4,0,2,0,41.1,33
Abel Tamata,PSV,Defender,3,18,0,0,0,1,82,19,47,5,0,0,0,42.2,32
Guy Demel,West Ham United,Defender,5,12,0,0,0,1,77,17,43,2,0,0,0,36.1,32
Cristian Rodríguez,Atlético de Madrid,Midfielder,6,6,0,0,0,1,76,13,47,0,0,0,0,31.45,31
Ruben Ligeon,Ajax,Defender,3,39,0,50,0,3,77,21,67,3,0,1,0,38.7,31
Martín Montoya,Barcelona,Defender,3,91,0,50,0,2,87,14,52,4,0,0,0,39.9,31
Wallace,Monaco,Defender,2,9,0,0,0,0,93,21,44,8,0,0,1,46.9,31
Lindsay Rose,Lyon,Defender,4,17,0,0,0,1,85,22,39,5,1,1,0,44.2,31
Mehdi Zeffane,Lyon,Defender,2,51,0,0,0,1,88,17,54,6,0,0,0,43.0,30
Diego Novaretti,Lazio,Defender,2,15,0,0,0,1,89,19,38,7,0,1,0,44.8,30
Timothée Kolodziejcz..,Sevilla,Defender,2,5,0,0,0,0,77,25,31,8,0,2,0,46.1,30
Matt Targett,Southampton,Defender,3,38,0,0,0,0,82,22,89,2,0,0,0,33.8,30
Bilal Basacikoglu,Feyenoord,Forward,6,2,0,25,0,3,68,24,42,0,0,0,0,27.93,30
Stephane Sparagna,Marseille,Defender,3,11,0,0,0,0,79,27,43,5,0,0,0,39.6,30
Oliver Kirch,Borussia Dortmund,Midfielder,2,50,0,100,0,2,89,19,10,3,0,0,0,19.95,29
José Enrique,Liverpool,Defender,3,40,0,0,0,0,64,16,53,5,1,0,0,41.6,29
Federico Bernardesch..,Fiorentina,Forward,5,6,0,67,0,1,79,15,39,0,0,1,0,27.2625,29
Marcel Ritzmaier,PSV,Midfielder,5,18,0,0,0,6,86,19,13,0,0,0,0,28.375,28
Jonathan,Internazionale,Defender,2,11,0,0,0,6,77,19,47,3,0,0,0,35.8,27
Jonathan,Internazionale,Defender,2,11,0,0,0,6,77,19,47,3,0,0,0,35.8,27
Jonathan,Internazionale,Defender,2,11,0,0,0,6,77,19,47,3,0,0,0,35.8,27
Abdoulay Konko,Lazio,Defender,2,11,0,0,0,2,81,16,36,5,0,0,0,37.3,26
Christian Träsch,VfL Wolfsburg,Defender,3,70,0,0,0,2,74,18,27,4,0,0,0,34.9,26
Lerin Duarte,Ajax,Midfielder,4,23,0,100,0,0,79,15,50,1,0,1,0,22.9,26
Kurt Zouma,Chelsea,Defender,4,40,0,0,0,0,85,21,33,3,0,0,0,31.8,26
Marco Van Ginkel,Milan,Midfielder,2,33,0,0,0,2,91,20,45,2,0,0,0,18.8,25
Marco Van Ginkel,Milan,Midfielder,2,33,0,0,0,2,91,20,45,2,0,0,0,18.8,25
Marco Van Ginkel,Milan,Midfielder,2,33,0,0,0,2,91,20,45,2,0,0,0,18.8,25
Marco Van Ginkel,Milan,Midfielder,2,33,0,0,0,2,91,20,45,2,0,0,0,18.8,25
Khalid Boulahrouz,Feyenoord,Defender,3,23,0,0,0,1,84,21,47,3,0,1,0,31.2,25
Honorato Ederson,Lazio,Midfielder,2,13,1,100,0,0,65,20,28,2,0,1,0,18.65,25
Federico Mattiello,Juventus,Midfielder,2,22,0,100,0,0,94,17,75,2,0,0,0,18.45,24
Ricardo Vaz Te,West Ham United,Forward,4,7,0,50,0,3,77,17,38,1,0,0,0,22.93,24
Fábio Coentrão,Real Madrid,Defender,5,15,0,0,0,0,90,14,33,2,0,0,1,28.0,24
Leroy Sane,FC Schalke 04,Midfielder,4,17,1,100,0,0,68,13,35,0,0,0,0,23.3,23
Gianluca Gaudino,FC Bayern München,Midfielder,3,11,0,0,0,2,95,17,29,1,0,0,0,20.3,23
Daniel Sturridge,Liverpool,Forward,3,104,1,45,0,3,78,12,61,2,0,0,0,21.64,23
Theo Walcott,Arsenal,Forward,4,2,0,50,0,1,85,13,33,0,0,0,0,21.65,23
Santiago Gentiletti,Lazio,Defender,2,40,0,0,0,1,86,23,39,4,0,0,0,31.0,22
Leandro Paredes,Roma,Midfielder,3,27,0,0,0,0,95,18,43,1,0,0,0,19.35,22
Robbie Kruse,Bayer 04 Leverkusen,Midfielder,4,4,0,0,0,1,77,16,50,0,0,0,0,21.7,22
Fares Bahlouli,Lyon,Midfielder,4,9,0,0,0,3,68,15,31,0,0,0,0,20.9,21
Marvin Friedrich,FC Schalke 04,Defender,3,2,0,0,0,0,76,21,59,1,0,0,0,22.8,21
Jesús Gámez,Atlético de Madrid,Defender,3,53,0,0,0,1,81,12,41,2,0,1,0,25.0,20
René Krhin,Internazionale,Midfielder,3,2,0,0,0,0,61,10,50,1,0,0,0,17.325,20
René Krhin,Internazionale,Midfielder,3,2,0,0,0,0,61,10,50,1,0,0,0,17.325,20
René Krhin,Internazionale,Midfielder,3,2,0,0,0,0,61,10,50,1,0,0,0,17.325,20
Lukas Podolski,Internazionale,Forward,3,30,0,0,0,6,83,15,38,2,0,0,0,17.6025,20
Lukas Podolski,Internazionale,Forward,3,30,0,0,0,6,83,15,38,2,0,0,0,17.6025,20
Lukas Podolski,Internazionale,Forward,3,30,0,0,0,6,83,15,38,2,0,0,0,17.6025,20
Nicolas Isimat-Mirin,PSV,Defender,2,23,0,0,0,0,82,20,25,4,0,0,0,27.3,19
Emmanuel Mayuka,Southampton,Forward,5,13,0,0,0,1,64,12,10,1,0,0,0,18.2,19
Michu,Napoli,Forward,3,5,0,50,0,4,73,16,44,0,0,1,0,17.6775,19
Mounir El Hamdaoui,Fiorentina,Forward,3,7,1,50,0,0,83,15,14,0,0,1,0,18.3525,19
Jakub Blaszczykowski,Borussia Dortmund,Midfielder,2,20,0,0,0,3,79,16,38,1,0,0,0,15.85,19
Joel Campbell,Arsenal,Forward,4,15,0,0,0,2,83,11,57,1,0,0,0,17.47,19
Riechedly Bazoer,Ajax,Defender,2,29,0,0,0,1,100,14,56,2,0,0,0,23.2,19
Leandro Castán,Roma,Defender,1,21,0,0,0,0,80,24,67,4,0,0,0,26.5,18
M'Baye Niang,Milan,Forward,4,17,0,33,0,0,77,15,38,1,0,1,0,17.23,18
M'Baye Niang,Milan,Forward,4,17,0,33,0,0,77,15,38,1,0,1,0,17.23,18
M'Baye Niang,Milan,Forward,4,17,0,33,0,0,77,15,38,1,0,1,0,17.23,18
Jose Pozo,Manchester City,Midfielder,3,11,0,100,0,2,95,9,17,0,0,0,0,16.4,16
Giandomenico Mesto,Napoli,Defender,2,22,0,0,0,0,66,30,47,2,0,0,0,20.3,16
Lucas Mendes,Marseille,Defender,1,13,0,0,0,0,44,33,33,4,0,0,0,24.2,16
Rai Vloet,PSV,Forward,4,7,0,0,0,0,80,14,17,0,0,0,0,15.2,16
Douglas,Barcelona,Defender,1,14,0,0,0,0,89,16,36,4,0,1,0,23.4,15
Mohamed Salah,Chelsea,Midfielder,3,2,0,50,0,1,78,11,33,0,0,0,0,15.325,15
Billel Omrani,Marseille,Forward,2,6,1,100,0,0,55,30,7,1,0,1,0,14.475,15
Jason McCarthy,Southampton,Defender,1,2,0,0,0,0,63,19,100,2,0,0,0,18.7,15
Ibrahima Mbaye,Internazionale,Defender,4,1,0,0,0,0,92,18,25,0,0,0,0,14.7,15
Ibrahima Mbaye,Internazionale,Defender,4,1,0,0,0,0,92,18,25,0,0,0,0,14.7,15
Ibrahima Mbaye,Internazionale,Defender,4,1,0,0,0,0,92,18,25,0,0,0,0,14.7,15
Lukas Podolski,Internazionale,Forward,2,47,0,0,0,4,85,14,57,2,0,0,0,11.825,13
Richairo Zivkovic,Ajax,Forward,2,11,1,33,0,0,60,11,50,0,0,0,0,12.35,13
Andrea Petagna,Milan,Forward,3,15,0,0,0,0,67,13,43,0,0,0,0,10.5225,11
Andrea Petagna,Milan,Forward,3,15,0,0,0,0,67,13,43,0,0,0,0,10.5225,11
Andrea Petagna,Milan,Forward,3,15,0,0,0,0,67,13,43,0,0,0,0,10.5225,11
Federico Bonazzoli,Internazionale,Forward,3,3,0,0,0,0,74,19,33,1,0,1,0,9.995,11
Federico Bonazzoli,Internazionale,Forward,3,3,0,0,0,0,74,19,33,1,0,1,0,9.995,11
Federico Bonazzoli,Internazionale,Forward,3,3,0,0,0,0,74,19,33,1,0,1,0,9.995,11
