Player Name,Club,Position,Appearances,Squawka Score,Goals Scored,Shot Accuracy,POTM,Chances Created,Average Pass Accuracy,Average Pass Length,Duels Won,Average Defensive Actions,Defensive Errors,Yellow Cards,Red Cards,Points,,,Player Name
Cristiano Ronaldo,Real Madrid,Forward,16,1338,26,74,0,39,81,14,50,1,0,3,0,230.76,1338,-1107.24,Cristiano Ronaldo
Eden Hazard,Chelsea,Midfielder,21,985,8,53,0,53,88,15,63,1,0,1,0,216,985,-769,Eden Hazard
Alexis Sánchez,Arsenal,Forward,20,749,12,67,0,56,77,16,47,1,1,3,0,209.15,749,-539.85,Alexis Sánchez
Lionel Messi,Barcelona,Forward,18,1392,16,63,0,45,84,14,55,0,1,3,0,204.37,1392,-1187.63,Lionel Messi
John Terry,Chelsea,Defender,21,679,3,80,0,5,92,19,71,7,2,0,0,202.75,679,-476.25,John Terry
Branislav Ivanovic,Chelsea,Defender,21,453,2,29,0,23,81,19,58,6,1,4,1,198.25,453,-254.75,Branislav Ivanovic
Christian Eriksen,Tottenham Hotspur,Midfielder,21,611,7,48,0,45,84,17,50,1,0,3,0,192,611,-419,Christian Eriksen
Winston Reid,West Ham United,Defender,20,319,1,25,0,5,80,22,59,13,0,8,0,189.75,319,-129.25,Winston Reid
Aaron Cresswell,West Ham United,Defender,21,122,1,60,0,22,75,22,54,6,2,3,0,188.5,122,66.5,Aaron Cresswell
Stewart Downing,West Ham United,Midfielder,20,681,4,48,0,56,86,20,46,2,1,1,0,187,681,-494,Stewart Downing
Diego Costa,Chelsea,Forward,18,532,15,72,0,30,79,12,38,1,0,7,0,183.395,532,-348.605,Diego Costa
Martin Skrtel,Liverpool,Defender,18,578,1,22,0,3,92,19,63,13,4,5,0,182.25,578,-395.75,Martin Skrtel
Santiago Cazorla,Arsenal,Midfielder,20,776,4,54,0,47,88,16,59,2,0,4,0,182,776,-594,Santiago Cazorla
Cesc Fàbregas,Chelsea,Midfielder,20,630,2,59,0,63,87,19,46,2,0,7,0,178,630,-452,Cesc Fàbregas
Raheem Sterling,Liverpool,Midfielder,20,541,4,54,0,49,80,14,55,1,0,3,0,176,541,-365,Raheem Sterling
Steven Gerrard,Liverpool,Midfielder,20,487,5,48,0,41,86,21,45,3,1,5,0,175,487,-312,Steven Gerrard
Ryan Bertrand,Southampton,Defender,20,377,2,50,0,17,79,19,56,4,0,2,0,173.75,377,-203.25,Ryan Bertrand
James Tomkins,West Ham United,Defender,15,390,1,27,0,8,77,23,67,12,1,5,0,172,390,-218,James Tomkins
Gary Cahill,Chelsea,Defender,20,418,1,45,0,2,87,20,60,8,4,3,0,166.5,418,-251.5,Gary Cahill
Per Mertesacker,Arsenal,Defender,20,468,0,13,0,2,89,18,63,8,2,2,0,165.5,468,-302.5,Per Mertesacker
Joël Veltman,Ajax,Defender,15,611,3,60,0,5,89,22,54,11,2,1,0,164.75,611,-446.25,Joël Veltman
Dusan Tadic,Southampton,Midfielder,19,447,3,56,0,55,79,17,37,1,0,2,0,164,447,-283,Dusan Tadic
Jordan Henderson,Liverpool,Midfielder,20,446,2,31,0,38,82,18,49,4,0,3,0,162,446,-284,Jordan Henderson
Gaël Clichy,Manchester City,Defender,16,433,1,33,0,15,81,17,53,8,1,1,0,159.25,433,-273.75,Gaël Clichy
Jose Fonte,Southampton,Defender,20,597,0,60,0,4,86,22,52,9,1,3,0,158,597,-439,Jose Fonte
Yaya Touré,Manchester City,Midfielder,18,815,7,41,0,20,90,17,50,2,0,4,0,156,815,-659,Yaya Touré
Nacer Chadli,Tottenham Hotspur,Midfielder,18,390,7,58,0,25,83,13,46,1,0,2,0,155,390,-235,Nacer Chadli
James Rodríguez,Real Madrid,Midfielder,16,601,6,63,0,39,87,17,50,1,1,3,0,155,601,-446,James Rodríguez
Ricardo van Rhijn,Ajax,Defender,16,388,2,29,0,21,86,19,43,6,1,1,0,154.75,388,-233.25,Ricardo van Rhijn
Sergio Agüero,Manchester City,Forward,16,710,14,59,0,15,83,11,55,0,0,2,0,154.48,710,-555.52,Sergio Agüero
Robin van Persie,Manchester United,Forward,20,357,8,56,0,19,85,15,39,1,0,5,0,152.25,357,-204.75,Robin van Persie
Nathaniel Clyne,Southampton,Defender,19,376,2,50,0,11,78,18,48,5,0,3,0,151.25,376,-224.75,Nathaniel Clyne
Dejan Lovren,Liverpool,Defender,16,293,0,17,0,1,88,21,60,11,6,2,0,150.75,293,-142.25,Dejan Lovren
Jesús Navas,Manchester City,Midfielder,20,290,0,36,0,46,84,15,42,1,0,2,0,150,290,-140,Jesús Navas
Jan Vertonghen,Tottenham Hotspur,Defender,17,367,0,43,0,2,87,20,58,10,0,3,0,149.5,367,-217.5,Jan Vertonghen
Juan Mata,Manchester United,Midfielder,18,397,5,44,0,27,90,17,40,1,0,0,0,149,397,-248,Juan Mata
David Silva,Manchester City,Midfielder,15,401,6,58,0,39,86,14,46,1,2,3,0,148,401,-253,David Silva
Alex Oxlade-Chamberl..,Arsenal,Midfielder,20,363,1,38,0,31,82,17,55,2,1,4,0,146,363,-217,Alex Oxlade-Chamberl..
Niklas Moisander,Ajax,Defender,17,410,0,40,0,5,88,21,54,8,0,1,0,142.75,410,-267.25,Niklas Moisander
Graziano Pellè,Southampton,Forward,21,147,8,33,0,24,65,13,44,1,0,4,0,142.0375,147,-4.9625,Graziano Pellè
Toby Alderweireld,Southampton,Defender,16,364,1,33,0,5,81,24,54,8,0,2,0,141.75,364,-222.25,Toby Alderweireld
Toni Kroos,Real Madrid,Midfielder,17,569,1,33,0,39,93,18,51,1,0,1,0,141,569,-428,Toni Kroos
Jordi Alba,Barcelona,Defender,15,518,1,64,0,17,88,15,52,5,0,2,0,140.75,518,-377.25,Jordi Alba
Alberto Moreno,Liverpool,Defender,15,211,2,50,0,18,82,19,49,4,3,3,0,139.5,211,-71.5,Alberto Moreno
Federico Fazio,Tottenham Hotspur,Defender,12,269,0,40,0,2,81,20,63,13,3,1,1,138.5,269,-130.5,Federico Fazio
Nemanja Matic,Chelsea,Midfielder,20,326,1,42,0,14,87,18,49,6,1,7,0,138,326,-188,Nemanja Matic
Sergio Ramos,Real Madrid,Defender,14,470,2,47,0,3,89,21,57,9,1,6,0,137.25,470,-332.75,Sergio Ramos
Steven Davis,Southampton,Midfielder,20,148,0,27,0,25,87,18,41,3,1,1,0,137,148,-11,Steven Davis
Oscar,Chelsea,Midfielder,17,401,4,43,0,29,84,16,40,2,0,4,0,137,401,-264,Oscar
Calum Chambers,Arsenal,Defender,18,169,1,40,0,8,84,17,51,6,1,7,1,137,169,-32,Calum Chambers
Wayne Rooney,Manchester United,Forward,17,539,8,50,0,23,85,19,42,3,1,3,1,136.7625,539,-402.2375,Wayne Rooney
César Azpilicueta,Chelsea,Defender,17,315,0,100,0,9,85,18,53,6,0,0,1,136.75,315,-178.25,César Azpilicueta
Martín Demichelis,Manchester City,Defender,18,310,1,50,0,3,88,18,44,8,0,3,0,136.25,310,-173.75,Martín Demichelis
Erik Lamela,Tottenham Hotspur,Midfielder,19,209,1,55,0,30,82,14,46,2,0,3,0,136,209,-73,Erik Lamela
Danny Rose,Tottenham Hotspur,Defender,15,136,1,40,0,12,80,18,52,6,0,3,0,136,136,0,Danny Rose
James Collins,West Ham United,Defender,14,191,0,40,0,2,70,28,55,12,0,4,1,135.5,191,-55.5,James Collins
Neymar,Barcelona,Forward,15,575,12,57,0,13,76,11,56,0,0,3,0,135.025,575,-439.975,Neymar
Willian,Chelsea,Midfielder,20,269,1,48,0,20,85,18,53,1,0,2,0,135,269,-134,Willian
Pepe,Real Madrid,Defender,14,382,1,20,0,5,85,20,58,7,0,0,0,131.75,382,-250.25,Pepe
Harry Kane,Tottenham Hotspur,Forward,17,324,8,58,0,13,76,14,43,1,0,1,0,131.72,324,-192.28,Harry Kane
Pablo Zabaleta,Manchester City,Defender,15,214,1,17,0,15,86,16,51,5,0,5,1,130.25,214,-83.75,Pablo Zabaleta
James Milner,Manchester City,Midfielder,18,263,0,35,0,35,83,15,44,1,0,1,0,130,263,-133,James Milner
Victor Wanyama,Southampton,Midfielder,19,306,3,50,0,8,85,17,49,3,0,4,0,129,306,-177,Victor Wanyama
Samir Nasri,Manchester City,Midfielder,16,451,0,54,0,43,90,13,51,0,0,3,0,128,451,-323,Samir Nasri
Fernandinho,Manchester City,Midfielder,18,303,2,38,0,16,90,14,45,3,0,4,0,127,303,-176,Fernandinho
Marcelo,Real Madrid,Defender,15,251,0,43,0,17,82,17,50,4,1,3,0,126.75,251,-124.25,Marcelo
Karim Benzema,Real Madrid,Forward,15,476,8,46,0,21,81,13,47,1,0,1,0,126.5875,476,-349.4125,Karim Benzema
Philippe Coutinho,Liverpool,Midfielder,18,354,2,50,0,19,81,16,49,1,1,2,0,124,354,-230,Philippe Coutinho
Ivan Rakitic,Barcelona,Midfielder,16,432,3,40,0,18,90,16,40,2,0,0,0,123,432,-309,Ivan Rakitic
Kieran Gibbs,Arsenal,Defender,16,138,0,17,0,11,82,18,46,5,0,3,0,122.25,138,-15.75,Kieran Gibbs
Danny Welbeck,Arsenal,Forward,16,405,4,50,0,26,83,11,49,2,0,2,0,121.88,405,-283.12,Danny Welbeck
Nacho Monreal,Arsenal,Defender,15,311,0,0,0,5,88,16,54,6,0,1,0,121.75,311,-189.25,Nacho Monreal
Gareth Bale,Real Madrid,Forward,14,452,8,54,0,17,79,15,55,1,1,1,0,119.785,452,-332.215,Gareth Bale
Aaron Ramsey,Arsenal,Midfielder,14,302,3,31,0,28,85,17,42,2,2,2,0,119,302,-183,Aaron Ramsey
Chris Smalling,Manchester United,Defender,12,333,1,17,0,2,89,23,55,9,0,1,1,118.5,333,-214.5,Chris Smalling
Phil Jones,Manchester United,Defender,10,328,0,50,0,4,87,21,56,11,0,1,0,118,328,-210,Phil Jones
Younes Kaboul,Tottenham Hotspur,Defender,11,150,0,33,0,4,80,22,49,11,2,2,0,117,150,-33,Younes Kaboul
Carl Jenkinson,West Ham United,Defender,17,20,0,67,0,10,79,18,37,5,1,1,0,116.5,20,96.5,Carl Jenkinson
Gerard Piqué,Barcelona,Defender,12,495,2,50,0,2,90,20,58,7,0,4,0,116.5,495,-378.5,Gerard Piqué
Eliaquim Mangala,Manchester City,Defender,13,119,0,17,0,3,88,18,55,9,1,4,1,116.25,119,-2.75,Eliaquim Mangala
Ángel Di María,Manchester United,Midfielder,13,361,3,48,0,32,80,20,44,1,0,0,0,116,361,-245,Ángel Di María
Jeremy Mathieu,Barcelona,Defender,14,437,0,60,0,5,89,18,56,6,3,3,0,115.75,437,-321.25,Jeremy Mathieu
Isco,Real Madrid,Midfielder,16,325,2,64,0,21,89,15,48,1,0,3,1,114,325,-211,Isco
Sergio Busquets,Barcelona,Midfielder,17,416,1,33,0,10,92,16,52,2,1,3,0,113,416,-303,Sergio Busquets
Pedro,Barcelona,Forward,17,184,3,56,0,12,86,13,37,0,0,2,0,112.695,184,-71.305,Pedro
Morgan Schneiderlin,Southampton,Midfielder,16,307,3,42,0,10,89,18,39,4,0,5,1,112,307,-195,Morgan Schneiderlin
Shane Long,Southampton,Forward,19,117,2,53,0,10,71,17,45,2,0,0,0,111.5275,117,-5.4725,Shane Long
Sadio Mané,Southampton,Midfielder,14,229,4,47,0,18,83,14,48,1,0,3,0,111,229,-118,Sadio Mané
Xavi,Barcelona,Midfielder,14,472,1,50,0,24,93,16,58,1,0,1,0,111,472,-361,Xavi
Frank Lampard,Manchester City,Midfielder,16,223,5,73,0,2,84,15,40,1,0,1,0,110,223,-113,Frank Lampard
Adam Lallana,Liverpool,Midfielder,14,232,4,64,0,16,82,15,49,1,0,2,0,110,232,-122,Adam Lallana
Mathieu Flamini,Arsenal,Midfielder,16,392,0,0,0,5,92,16,48,6,2,3,0,108,392,-284,Mathieu Flamini
Antonio Valencia,Manchester United,Midfielder,16,406,0,50,0,12,89,16,54,3,1,2,0,108,406,-298,Antonio Valencia
Eric Dier,Tottenham Hotspur,Defender,12,102,2,50,0,3,78,18,56,5,2,3,0,107.25,102,5.25,Eric Dier
Marcos Rojo,Manchester United,Defender,10,248,0,0,0,4,87,21,49,10,3,2,0,107,248,-141,Marcos Rojo
Laurent Koscielny,Arsenal,Defender,11,329,2,50,0,0,90,20,46,8,1,1,0,106,329,-223,Laurent Koscielny
Mathieu Debuchy,Arsenal,Defender,10,92,1,57,0,2,79,17,57,8,1,2,0,105.5,92,13.5,Mathieu Debuchy
Nicolai Boilesen,Ajax,Defender,12,132,0,25,0,5,81,19,60,5,2,1,0,104.75,132,-27.25,Nicolai Boilesen
Daniel Carvajal,Real Madrid,Defender,13,207,0,0,0,17,86,16,40,4,0,5,0,104.75,207,-102.25,Daniel Carvajal
Diafra Sakho,West Ham United,Forward,14,134,8,41,0,12,60,15,38,1,0,1,0,104.25,134,-29.75,Diafra Sakho
Mark Noble,West Ham United,Midfielder,13,238,1,60,0,17,86,19,53,4,0,1,0,104,238,-134,Mark Noble
Dani Alves,Barcelona,Defender,14,240,0,33,0,17,89,14,41,2,2,3,0,102.75,240,-137.25,Dani Alves
Maya Yoshida,Southampton,Defender,11,115,1,100,0,1,80,21,60,6,1,2,0,101.75,115,-13.25,Maya Yoshida
Glen Johnson,Liverpool,Defender,11,144,1,20,0,3,83,18,60,5,0,1,0,101.25,144,-42.75,Glen Johnson
Cheikhou Kouyaté,West Ham United,Midfielder,16,64,1,50,0,8,79,15,47,3,2,3,0,101,64,37,Cheikhou Kouyaté
Enner Valencia,West Ham United,Forward,18,95,3,33,0,8,74,14,39,1,0,0,0,100.82,95,5.82,Enner Valencia
Ryan Mason,Tottenham Hotspur,Midfielder,15,158,0,31,0,14,81,19,53,3,1,4,0,99,158,-59,Ryan Mason
Kevin Nolan,West Ham United,Midfielder,16,119,1,78,0,7,80,18,34,3,0,0,0,98,119,-21,Kevin Nolan
Fernando,Manchester City,Midfielder,15,124,1,33,0,8,91,15,38,4,2,5,0,98,124,-26,Fernando
Vincent Kompany,Manchester City,Defender,13,245,0,0,0,2,89,20,43,7,1,4,0,97.5,245,-147.5,Vincent Kompany
Morgan Amalfitano,West Ham United,Midfielder,15,113,2,33,0,6,79,18,44,2,0,2,0,96,113,-17,Morgan Amalfitano
Javier Mascherano,Barcelona,Defender,13,412,0,0,0,2,92,21,59,4,0,2,1,95.5,412,-316.5,Javier Mascherano
Stevan Jovetic,Manchester City,Forward,12,307,5,50,0,14,81,11,41,1,0,0,0,94.87,307,-212.13,Stevan Jovetic
Alexandre Song,West Ham United,Midfielder,14,32,0,0,0,16,79,19,52,2,0,2,0,93,32,61,Alexandre Song
Didier Drogba,Chelsea,Forward,16,67,3,38,0,10,68,15,46,1,1,1,0,92.68,67,25.68,Didier Drogba
Luke Shaw,Manchester United,Defender,10,106,0,100,0,5,84,19,55,5,0,0,0,89.75,106,-16.25,Luke Shaw
Ander Herrera,Manchester United,Midfielder,11,320,2,29,0,13,87,16,59,2,1,2,0,89,320,-231,Ander Herrera
Marouane Fellaini,Manchester United,Midfielder,12,216,2,53,0,5,87,16,49,4,0,3,0,88,216,-128,Marouane Fellaini
Falcao,Manchester United,Forward,12,170,3,65,0,10,86,12,37,1,0,1,0,87.72,170,-82.28,Falcao
Mamadou Sakho,Liverpool,Defender,8,146,0,50,0,3,89,20,57,7,2,0,0,86.25,146,-59.75,Mamadou Sakho
Ashley Young,Manchester United,Midfielder,13,243,0,60,0,11,81,18,48,4,0,4,0,86,243,-157,Ashley Young
Rafael,Manchester United,Defender,9,22,0,0,0,6,84,16,49,6,1,2,0,85.5,22,63.5,Rafael
Ben Davies,Tottenham Hotspur,Defender,9,84,0,0,0,7,81,16,54,5,0,2,0,85.25,84,1.25,Ben Davies
Michael Carrick,Manchester United,Midfielder,12,317,0,0,0,4,90,20,56,5,0,1,0,85,317,-232,Michael Carrick
Javier Manquillo,Liverpool,Defender,10,73,0,0,0,1,83,17,54,6,0,3,0,84.75,73,11.75,Javier Manquillo
Andrés Iniesta,Barcelona,Midfielder,12,254,0,25,0,15,90,16,56,1,2,2,0,83,254,-171,Andrés Iniesta
Rickie Lambert,Liverpool,Forward,16,7,1,40,0,6,69,15,44,0,0,0,0,82.84,7,75.84,Rickie Lambert
Raphael Varane,Real Madrid,Defender,9,133,0,25,0,0,89,18,58,6,1,0,0,82,133,-51,Raphael Varane
André Schürrle,Chelsea,Midfielder,13,102,2,45,0,5,79,15,43,1,0,2,0,81,102,-21,André Schürrle
Álvaro Arbeloa,Real Madrid,Defender,11,135,0,100,0,8,87,16,52,2,2,3,0,81,135,-54,Álvaro Arbeloa
Luis Suárez,Barcelona,Forward,10,252,2,43,0,24,77,12,46,1,0,1,0,79.075,252,-172.925,Luis Suárez
Etienne Capoue,Tottenham Hotspur,Midfielder,12,275,0,50,0,4,87,20,42,5,0,2,0,79,275,-196,Etienne Capoue
Tyler Blackett,Manchester United,Defender,9,63,0,0,0,0,85,22,54,7,1,3,1,79,63,16,Tyler Blackett
James Ward-Prowse,Southampton,Midfielder,11,155,0,45,0,20,90,19,33,1,0,0,0,78,155,-77,James Ward-Prowse
Bacary Sagna,Manchester City,Defender,6,61,0,0,0,6,80,16,54,7,0,1,0,77.5,61,16.5,Bacary Sagna
Patrick McNair,Manchester United,Defender,9,78,0,0,0,2,85,22,38,7,1,1,0,77.5,78,-0.5,Patrick McNair
Daley Blind,Manchester United,Midfielder,9,285,1,38,0,8,89,19,52,6,2,3,0,77,285,-208,Daley Blind
Jonny Evans,Manchester United,Defender,9,166,0,0,0,0,86,21,51,6,4,1,0,77,166,-89,Jonny Evans
Jack Cork,Southampton,Midfielder,11,144,2,67,0,5,87,17,47,1,0,0,0,76,144,-68,Jack Cork
Emre Can,Liverpool,Midfielder,10,166,1,50,0,5,85,18,58,4,0,1,0,76,166,-90,Emre Can
Luka Modric,Real Madrid,Midfielder,10,326,1,50,0,12,90,18,51,2,0,2,0,76,326,-250,Luka Modric
Aleksandar Kolarov,Manchester City,Defender,11,164,0,0,0,9,81,22,36,3,0,3,0,75.75,164,-88.25,Aleksandar Kolarov
Kolo Touré,Liverpool,Defender,8,113,0,0,0,1,89,19,43,7,0,0,0,74.75,113,-38.25,Kolo Touré
Nabil Bentaleb,Tottenham Hotspur,Midfielder,11,145,0,17,0,5,86,17,49,4,0,2,0,74,145,-71,Nabil Bentaleb
Mousa Dembélé,Tottenham Hotspur,Midfielder,12,118,0,0,0,6,88,15,46,1,0,0,0,73,118,-45,Mousa Dembélé
Lucas Leiva,Liverpool,Midfielder,11,128,0,50,0,6,86,18,37,5,0,3,0,73,128,-55,Lucas Leiva
Emmanuel Adebayor,Tottenham Hotspur,Forward,10,86,2,64,0,12,76,13,41,1,0,1,0,72.1,86,-13.9,Emmanuel Adebayor
Andy Carroll,West Ham United,Forward,11,176,4,33,0,10,64,14,52,2,0,1,0,71.915,176,-104.085,Andy Carroll
Joe Allen,Liverpool,Midfielder,11,85,0,0,0,7,89,16,52,2,0,2,0,71,85,-14,Joe Allen
Mike van der Hoorn,Ajax,Defender,6,153,2,50,0,0,86,20,59,5,0,1,0,71,153,-82,Mike van der Hoorn
Olivier Giroud,Arsenal,Forward,10,125,5,50,0,6,70,11,45,1,1,1,1,70.25,125,-54.75,Olivier Giroud
Roberto Soldado,Tottenham Hotspur,Forward,13,27,1,35,0,8,74,13,32,1,0,1,0,70.02,27,43.02,Roberto Soldado
Adnan Januzaj,Manchester United,Midfielder,11,13,0,9,0,9,82,14,49,1,1,0,0,70,13,57,Adnan Januzaj
John Obi Mikel,Chelsea,Midfielder,12,92,0,0,0,2,91,17,38,2,1,0,0,70,92,-22,John Obi Mikel
Ramires,Chelsea,Midfielder,11,49,1,20,0,8,85,16,35,1,0,2,0,69,49,20,Ramires
Asier Illarramendi,Real Madrid,Midfielder,11,115,0,0,0,4,91,16,38,3,0,1,0,69,115,-46,Asier Illarramendi
Carlton Cole,West Ham United,Forward,11,14,2,80,0,4,52,14,32,1,0,0,0,68.87,14,54.87,Carlton Cole
Joey O'Brien,West Ham United,Defender,5,44,0,0,0,5,85,16,48,7,0,2,0,67.75,44,23.75,Joey O'Brien
Vlad Chiriches,Tottenham Hotspur,Defender,6,16,0,0,0,3,82,19,43,7,0,2,0,67.25,16,51.25,Vlad Chiriches
Edin Dzeko,Manchester City,Forward,11,106,2,31,0,7,81,14,41,1,0,0,0,65.5725,106,-40.4275,Edin Dzeko
Lazar Markovic,Liverpool,Forward,11,102,1,22,0,12,80,15,56,1,0,0,0,63.85,102,-38.15,Lazar Markovic
Darren Fletcher,Manchester United,Midfielder,11,54,0,0,0,2,90,18,46,1,1,1,0,63,54,9,Darren Fletcher
Filipe Luis,Chelsea,Defender,9,68,0,50,0,5,85,18,50,1,0,0,0,61.75,68,-6.25,Filipe Luis
Mario Balotelli,Liverpool,Forward,12,113,0,55,0,5,71,14,39,1,0,4,0,60.67,113,-52.33,Mario Balotelli
Mesut Özil,Arsenal,Midfielder,7,196,1,43,0,14,88,15,51,1,0,0,0,60,196,-136,Mesut Özil
Nani,Sporting Lisbon,Midfielder,5,271,4,44,0,17,79,17,47,0,0,2,0,60,271,-211,Nani
Dedryck Boyata,Manchester City,Defender,1,23,0,0,0,0,87,17,53,11,0,1,0,59,23,36,Dedryck Boyata
Aaron Lennon,Tottenham Hotspur,Midfielder,9,61,0,0,0,9,85,14,46,1,0,1,0,58,61,-3,Aaron Lennon
Jack Wilshere,Arsenal,Midfielder,9,123,1,71,0,7,83,16,47,1,0,4,0,58,123,-65,Jack Wilshere
Nacho,Real Madrid,Defender,5,129,1,100,0,1,94,17,47,5,0,0,0,57.75,129,-71.25,Nacho
Florin Gardos,Southampton,Defender,7,56,0,0,0,0,82,22,42,5,0,1,0,57,56,1,Florin Gardos
Marc Bartra,Barcelona,Defender,5,141,0,33,0,0,88,20,62,5,0,0,0,55,141,-86,Marc Bartra
Javier Hernández,Real Madrid,Forward,8,84,3,50,0,2,82,9,36,0,0,1,0,53.76,84,-30.24,Javier Hernández
Javier Hernández,Real Madrid,Forward,8,84,3,50,0,2,82,9,36,0,0,1,0,53.76,84,-30.24,Javier Hernández
Héctor Bellerín,Arsenal,Defender,5,28,0,0,0,2,82,15,49,5,0,1,0,53.5,28,25.5,Héctor Bellerín
Munir El Haddadi,Barcelona,Forward,10,0,1,25,0,4,80,13,39,1,0,0,0,52.25,0,52.25,Munir El Haddadi
Kyle Walker,Tottenham Hotspur,Defender,5,56,0,0,0,0,76,18,54,5,0,2,0,51,56,-5,Kyle Walker
Rafinha,Barcelona,Midfielder,8,71,0,50,0,3,88,15,53,1,1,0,0,50,71,-21,Rafinha
Andros Townsend,Tottenham Hotspur,Midfielder,8,42,1,71,0,4,78,16,40,1,1,2,0,49,42,7,Andros Townsend
Sandro Ramírez,Barcelona,Forward,7,106,2,75,0,0,84,13,57,0,0,0,0,48.355,106,-57.645,Sandro Ramírez
Loïc Remy,Chelsea,Forward,8,82,2,33,0,1,85,13,50,0,0,0,0,46.9,82,-35.1,Loïc Remy
Kyle Naughton,Tottenham Hotspur,Defender,5,60,0,0,0,1,79,18,50,5,1,0,2,46.75,60,-13.25,Kyle Naughton
Mikel Arteta,Arsenal,Midfielder,7,135,0,0,0,3,94,16,44,2,0,1,0,46,135,-89,Mikel Arteta
Fabio Borini,Liverpool,Forward,9,21,0,40,0,8,76,15,31,0,0,2,1,45.39,21,24.39,Fabio Borini
Tomas Rosicky,Arsenal,Midfielder,6,118,1,100,0,4,84,14,60,1,0,0,0,45,118,-73,Tomas Rosicky
Francis Coquelin,Arsenal,Midfielder,6,38,0,0,0,2,83,13,58,4,0,3,0,44,38,6,Francis Coquelin
Ravel Morrison,Cardiff City,Midfielder,7,11,0,0,0,5,90,16,54,0,0,1,0,43,11,32,Ravel Morrison
José Enrique,Liverpool,Defender,3,40,0,0,0,0,64,16,53,5,1,0,0,41,40,1,José Enrique
Adriano,Barcelona,Defender,5,76,0,33,0,5,88,16,33,2,0,0,0,39.75,76,-36.25,Adriano
Martín Montoya,Barcelona,Defender,3,91,0,50,0,2,87,14,52,4,0,0,0,39.5,91,-51.5,Martín Montoya
Paulinho,Tottenham Hotspur,Midfielder,7,3,0,50,0,1,85,14,38,1,0,1,0,38,3,35,Paulinho
James Wilson,Manchester United,Forward,9,31,0,25,0,1,73,11,46,1,0,2,0,37.4075,31,6.4075,James Wilson
Benjamin Stambouli,Tottenham Hotspur,Midfielder,6,22,0,0,0,2,86,16,52,2,0,3,0,37,22,15,Benjamin Stambouli
Guy Demel,West Ham United,Defender,5,12,0,0,0,1,77,17,43,2,0,0,0,35.75,12,23.75,Guy Demel
Sami Khedira,Real Madrid,Midfielder,6,27,0,0,0,3,88,14,50,0,0,0,0,35,27,8,Sami Khedira
Matt Targett,Southampton,Defender,3,38,0,0,0,0,82,22,89,2,0,0,0,33,38,-5,Matt Targett
Sergi Roberto,Barcelona,Midfielder,5,63,0,0,0,2,96,13,46,1,0,0,0,32,63,-31,Sergi Roberto
Kurt Zouma,Chelsea,Defender,4,40,0,0,0,0,85,21,33,3,0,0,0,31,40,-9,Kurt Zouma
Matthew Jarvis,West Ham United,Midfielder,4,45,0,0,0,3,74,16,92,1,0,0,0,30,45,-15,Matthew Jarvis
Harrison Reed,Southampton,Midfielder,4,4,0,0,0,0,74,16,48,3,0,0,0,29,4,25,Harrison Reed
Fábio Coentrão,Real Madrid,Defender,5,15,0,0,0,0,90,14,33,2,0,0,1,28,15,13,Fábio Coentrão
Douglas,Barcelona,Defender,1,14,0,0,0,0,89,16,36,4,0,1,0,23,14,9,Douglas
Ricardo Vaz Te,West Ham United,Forward,4,7,0,50,0,3,77,17,38,1,0,0,0,22.93,7,15.93,Ricardo Vaz Te
Diego Poyet,Huddersfield Town,Midfielder,2,8,0,0,0,1,81,18,40,4,0,1,0,22,8,14,Diego Poyet
Theo Walcott,Arsenal,Forward,4,2,0,50,0,1,85,13,33,0,0,0,0,21.65,2,19.65,Theo Walcott
Daniel Sturridge,Liverpool,Forward,3,104,1,45,0,3,78,12,61,2,0,0,0,21.64,104,-82.36,Daniel Sturridge
Emmanuel Mayuka,Southampton,Forward,5,13,0,0,0,1,64,12,10,1,0,0,0,18.2,13,5.2,Emmanuel Mayuka
Jason McCarthy,Southampton,Defender,1,2,0,0,0,0,63,19,100,2,0,0,0,18,2,16,Jason McCarthy
Joel Campbell,Arsenal,Forward,4,15,0,0,0,2,83,11,57,1,0,0,0,17.47,15,2.47,Joel Campbell
Jose Pozo,Manchester City,Midfielder,3,11,0,100,0,2,95,9,17,0,0,0,0,16,11,5,Jose Pozo
Mohamed Salah,Chelsea,Midfielder,3,2,0,50,0,1,78,11,33,0,0,0,0,15,2,13,Mohamed Salah
Lukas Podolski,Internazionale,Forward,2,47,0,0,0,4,85,14,57,2,0,0,0,11.825,47,-35.175,Lukas Podolski
Scott Sinclair,Manchester City,Midfielder,2,1,0,0,0,0,100,9,0,0,0,0,0,9,1,8,Scott Sinclair
Álvaro Medrán,Real Madrid,Midfielder,2,3,0,100,0,0,91,13,25,0,0,0,0,9,3,6,Álvaro Medrán
Eljero Elia,Southampton,Midfielder,1,7,0,0,0,0,58,13,67,1,0,0,0,8,7,1,Eljero Elia
Jake Hesketh,Southampton,Midfielder,2,13,0,50,0,0,89,12,17,0,0,1,0,8,13,-5,Jake Hesketh
Jesse Lingard,Manchester United,Midfielder,1,2,0,0,0,0,69,13,50,1,0,0,0,7,2,5,Jesse Lingard
Lewis Baker,Sheffield Wednesday,Midfielder,1,1,0,0,0,0,75,12,0,1,0,0,0,6,1,5,Lewis Baker
Anderson,Manchester United,Midfielder,1,9,0,0,0,1,88,20,40,0,0,0,0,6,9,-3,Anderson
Dominic Gape,Southampton,Midfielder,1,5,0,0,0,0,100,24,50,0,0,0,0,5,5,0,Dominic Gape
Jesé,Real Madrid,Forward,1,3,0,0,0,1,67,13,22,0,0,0,0,4.5075,3,1.5075,Jesé
Lloyd Isgrove,Southampton,Midfielder,1,1,0,0,0,0,86,25,25,0,0,0,0,4,1,3,Lloyd Isgrove
Chuba Akpom,Arsenal,Forward,1,5,0,0,0,0,50,11,0,0,0,0,0,3.125,5,-1.875,Chuba Akpom
Ainsley Maitland-Nil..,Arsenal,Midfielder,1,2,0,0,0,0,0,0,0,0,0,0,0,2,2,0,Ainsley Maitland-Nil..
Tom Thorpe,Manchester United,Defender,1,0,0,0,0,0,0,0,0,0,0,0,0,2,0,2,Tom Thorpe
Nick Powell,Manchester United,Midfielder,0,0,0,0,0,0,0,0,0,0,0,0,0,0,0,,Nick Powell
Andreas Pereira,Manchester United,Midfielder,0,0,0,0,0,0,0,0,0,0,0,0,0,0,0,,Andreas Pereira
Jeremie Boga,Chelsea,Midfielder,0,0,0,0,0,0,0,0,0,0,0,0,0,0,0,,Jeremie Boga
Ruben Loftus-Cheek,Chelsea,Midfielder,0,0,0,0,0,0,0,0,0,0,0,0,0,0,0,,Ruben Loftus-Cheek
Nathaniel Chalobah,Chelsea,Midfielder,0,0,0,0,0,0,0,0,0,0,0,0,0,0,0,,Nathaniel Chalobah
Suso,Liverpool,Midfielder,0,0,0,0,0,0,0,0,0,0,0,0,0,0,0,,Suso
Jordan Rossiter,Liverpool,Midfielder,0,0,0,0,0,0,0,0,0,0,0,0,0,0,0,,Jordan Rossiter
Seyi Ojo,Liverpool,Midfielder,0,0,0,0,0,0,0,0,0,0,0,0,0,0,0,,Seyi Ojo
Vassiriki Abou Diaby,Arsenal,Midfielder,0,0,0,0,0,0,0,0,0,0,0,0,0,0,0,,Vassiriki Abou Diaby
Serge Gnabry,Arsenal,Midfielder,0,0,0,0,0,0,0,0,0,0,0,0,0,0,0,,Serge Gnabry
Gedion Zelalem,Arsenal,Midfielder,0,0,0,0,0,0,0,0,0,0,0,0,0,0,0,,Gedion Zelalem
Alex Iwobi,Arsenal,Midfielder,0,0,0,0,0,0,0,0,0,0,0,0,0,0,0,,Alex Iwobi
Glen Kamara,Arsenal,Midfielder,0,0,0,0,0,0,0,0,0,0,0,0,0,0,0,,Glen Kamara
Cristian Ceballos,Tottenham Hotspur,Midfielder,0,0,0,0,0,0,0,0,0,0,0,0,0,0,0,,Cristian Ceballos
Harry Winks,Tottenham Hotspur,Midfielder,0,0,0,0,0,0,0,0,0,0,0,0,0,0,0,,Harry Winks
Josh Onomah,Tottenham Hotspur,Midfielder,0,0,0,0,0,0,0,0,0,0,0,0,0,0,0,,Josh Onomah
Sam McQueen,Southampton,Midfielder,0,0,0,0,0,0,0,0,0,0,0,0,0,0,0,,Sam McQueen
Bersant Celina,Manchester City,Midfielder,0,0,0,0,0,0,0,0,0,0,0,0,0,0,0,,Bersant Celina
George Glendon,Manchester City,Midfielder,0,0,0,0,0,0,0,0,0,0,0,0,0,0,0,,George Glendon
Sinan Bytyqi,SC Cambuur Leeuwarden,Midfielder,0,0,0,0,0,0,0,0,0,0,0,0,0,0,0,,Sinan Bytyqi
Marcos Llorente,Real Madrid,Midfielder,0,0,0,0,0,0,0,0,0,0,0,0,0,0,0,,Marcos Llorente
Sergi Samper,Barcelona,Midfielder,0,0,0,0,0,0,0,0,0,0,0,0,0,0,0,,Sergi Samper
Sebastian Lletget,West Ham United,Midfielder,0,0,0,0,0,0,0,0,0,0,0,0,0,0,0,,Sebastian Lletget
Will Keane,Manchester United,Forward,0,0,0,0,0,0,0,0,0,0,0,0,0,0,0,,Will Keane
Dominic Solanke,Chelsea,Forward,0,0,0,0,0,0,0,0,0,0,0,0,0,0,0,,Dominic Solanke
Izzy Brown,Chelsea,Forward,0,0,0,0,0,0,0,0,0,0,0,0,0,0,0,,Izzy Brown
Yaya Sanogo,Crystal Palace,Forward,0,0,0,0,0,0,0,0,0,0,0,0,0,0,0,,Yaya Sanogo
Jay Rodriguez,Southampton,Forward,0,0,0,0,0,0,0,0,0,0,0,0,0,0,0,,Jay Rodriguez
Sam Gallagher,Southampton,Forward,0,0,0,0,0,0,0,0,0,0,0,0,0,0,0,,Sam Gallagher
Ryan Seager,Southampton,Forward,0,0,0,0,0,0,0,0,0,0,0,0,0,0,0,,Ryan Seager
Thierry Ambrose,Manchester City,Forward,0,0,0,0,0,0,0,0,0,0,0,0,0,0,0,,Thierry Ambrose
Raúl de Tomás,Real Madrid,Forward,0,0,0,0,0,0,0,0,0,0,0,0,0,0,0,,Raúl de Tomás
Elliot Lee,West Ham United,Forward,0,0,0,0,0,0,0,0,0,0,0,0,0,0,0,,Elliot Lee
Marnick Vermijl,Manchester United,Defender,0,0,0,0,0,0,0,0,0,0,0,0,0,0,0,,Marnick Vermijl
Saidy Janko,Manchester United,Defender,0,0,0,0,0,0,0,0,0,0,0,0,0,0,0,,Saidy Janko
Reece James,Manchester United,Defender,0,0,0,0,0,0,0,0,0,0,0,0,0,0,0,,Reece James
Nathan Aké,Chelsea,Defender,0,0,0,0,0,0,0,0,0,0,0,0,0,0,0,,Nathan Aké
Andreas Christensen,Chelsea,Defender,0,0,0,0,0,0,0,0,0,0,0,0,0,0,0,,Andreas Christensen
Jon Flanagan,Liverpool,Defender,0,0,0,0,0,0,0,0,0,0,0,0,0,0,0,,Jon Flanagan
Ryan McLaughlin,Liverpool,Defender,0,0,0,0,0,0,0,0,0,0,0,0,0,0,0,,Ryan McLaughlin
Jordan Williams,Liverpool,Defender,0,0,0,0,0,0,0,0,0,0,0,0,0,0,0,,Jordan Williams
Semi Ajayi,Arsenal,Defender,0,0,0,0,0,0,0,0,0,0,0,0,0,0,0,,Semi Ajayi
Isaac Hayden,Arsenal,Defender,0,0,0,0,0,0,0,0,0,0,0,0,0,0,0,,Isaac Hayden
Stefan O'Connor,Arsenal,Defender,0,0,0,0,0,0,0,0,0,0,0,0,0,0,0,,Stefan O'Connor
Bongani Khumalo,Tottenham Hotspur,Defender,0,0,0,0,0,0,0,0,0,0,0,0,0,0,0,,Bongani Khumalo
DeAndre Yedlin,Tottenham Hotspur,Defender,0,0,0,0,0,0,0,0,0,0,0,0,0,0,0,,DeAndre Yedlin
Benoit Assou-Ekotto,Tottenham Hotspur,Defender,0,0,0,0,0,0,0,0,0,0,0,0,0,0,0,,Benoit Assou-Ekotto
Dominic Ball,Tottenham Hotspur,Defender,0,0,0,0,0,0,0,0,0,0,0,0,0,0,0,,Dominic Ball
Jos Hooiveld,Southampton,Defender,0,0,0,0,0,0,0,0,0,0,0,0,0,0,0,,Jos Hooiveld
Matija Nastasic,FC Schalke 04,Defender,0,0,0,0,0,0,0,0,0,0,0,0,0,0,0,,Matija Nastasic
Angelino,Manchester City,Defender,0,0,0,0,0,0,0,0,0,0,0,0,0,0,0,,Angelino
Diego Llorente,Real Madrid,Defender,0,0,0,0,0,0,0,0,0,0,0,0,0,0,0,,Diego Llorente
Thomas Vermaelen,Barcelona,Defender,0,0,0,0,0,0,0,0,0,0,0,0,0,0,0,,Thomas Vermaelen
Doneil Henry,West Ham United,Defender,0,0,0,0,0,0,0,0,0,0,0,0,0,0,0,,Doneil Henry
Reece Burke,West Ham United,Defender,0,0,0,0,0,0,0,0,0,0,0,0,0,0,0,,Reece Burke
Daniel Potts,West Ham United,Defender,0,0,0,0,0,0,0,0,0,0,0,0,0,0,0,,Daniel Potts
Reece Oxford,West Ham United,Defender,0,0,0,0,0,0,0,0,0,0,0,0,0,0,0,,Reece Oxford
Lewis Page,West Ham United,Defender,0,0,0,0,0,0,0,0,0,0,0,0,0,0,0,,Lewis Page
